agentid,officeid,firstname,lastname,phonenumber,email,licensenumber,yearsofexperience
42878,7246,Grant,Watkins,(383) 214-8795,grant.watkins@outlook.com,wS19-23645825,25.18
14702,6430,Michael,Glover,(524) 808-8987,mglover@outlook.com,NC02-61934269,2.19
53127,2968,Scott,Frank,(459) 349-3796,scott_frank@icloud.com,BG71-20647278,25.96
78806,3267,Hannah,Smith,(326) 710-2903,hannah.smith@yahoo.com,pj52-42088083,23.96
75714,9552,John,Hunter,(674) 966-3543,johnhunter@gmail.com,sO68-72960515,1.01
30494,5563,Heather,Williams,(128) 396-1067,hwilliams@aol.com,ne47-64574094,14.8
81844,6579,Brandon,Miller,(039) 851-7044,brandon_miller@yahoo.com,Ob05-48042532,11.55
93233,2524,Leslie,Rodriguez,(410) 974-7009,leslierodriguez@hotmail.com,Io67-85793752,1.33
74321,3836,Michael,Williams,(650) 177-5655,williamsm@comcast.net,rK97-70546294,13.2
29975,8437,Deborah,Conley,(106) 779-2605,deborah_conley@aol.com,el00-47182199,3.71
13917,2743,Mary,Nelson,(739) 375-8629,nelsonm@outlook.com,qf85-96224382,14.07
65815,7799,Louis,Wilson,(516) 562-9143,louiswilson@aol.com,HP20-81520792,6.4
67258,8190,Brittany,Bell,(844) 280-0331,brittany.bell@yahoo.com,GC96-82926685,28.25
26775,9684,Beth,Williams,(390) 145-7444,beth_williams@aol.com,LO64-78441638,3.7
44773,3488,Michelle,Norman,(817) 003-6684,michelle.norman@comcast.net,Fq74-22375641,14.35
99913,8274,Vanessa,Gates,(106) 827-6232,gatesv@outlook.com,Ax91-53009416,12.89
69952,5790,Melinda,Watkins,(842) 062-4134,watkinsm@comcast.net,mm10-20843926,15.46
70424,7903,Charles,Cole,(654) 445-0230,charles.cole@comcast.net,tU63-81896403,20.69
73163,7784,Lindsey,Brooks,(794) 655-2144,lbrooks@comcast.net,PW83-75658601,1.09
27901,5717,Shane,Molina,(300) 920-6464,molinas@aol.com,wx69-68464242,11.98
74493,8872,Elizabeth,Garza,(280) 632-8961,elizabeth.garza@aol.com,MF19-68529536,22.88
89347,7038,Karen,Wright,(466) 744-0616,karen.wright@icloud.com,fg37-09514948,21.09
52806,1696,Valerie,Howell,(382) 538-6051,valerie_howell@yahoo.com,yb87-40835653,25.93
86883,2221,Charles,Cook,(798) 160-6682,cookc@hotmail.com,Lh75-08038249,18.56
55720,7724,Richard,Bryant,(379) 115-9230,bryantr@outlook.com,HU08-39526173,25.48
76895,9278,Ashley,Cohen,(189) 786-4569,ashley_cohen@mail.com,iZ74-87020980,11.13
18771,2529,James,Schmidt,(057) 196-5390,jschmidt@yahoo.com,VX82-03656925,2.53
67681,1992,Dennis,Brown,(181) 484-9642,brownd@aol.com,Tm38-85939517,7.78
53710,7784,Erica,Brown,(955) 022-2882,erica.brown@hotmail.com,Uz30-47764695,18.61
80015,6579,Thomas,Stephens,(587) 156-1453,stephenst@aol.com,cV30-09590809,5.65
48943,4162,Stephanie,Robinson,(107) 453-8951,srobinson@icloud.com,bi84-91787744,22.27
33707,3447,Andrea,Fowler,(144) 751-2036,andrea.fowler@comcast.net,tG98-77965859,19.55
46419,9356,Marie,Hensley,(267) 833-5615,mariehensley@mail.com,IC39-91716571,1.67
46251,7784,Jennifer,Goodwin,(417) 839-2844,jennifer.goodwin@yahoo.com,ZS83-19084287,3.69
54361,2707,Katrina,Scott,(348) 381-1997,scottk@icloud.com,bj67-82206991,24.89
43107,3735,Micheal,Adams,(168) 461-8860,adamsm@hotmail.com,MS52-91315535,27.97
36686,2822,Michelle,Harris,(239) 011-0436,michelle_harris@icloud.com,nM92-94501092,23.41
95953,3999,Paige,Salinas,(791) 982-4222,salinasp@comcast.net,lP56-03002685,29.76
26321,7770,Elizabeth,Barnett,(822) 039-1545,elizabeth_barnett@gmail.com,dp15-17570061,19.3
25875,8981,Erica,Edwards,(268) 147-3519,edwardse@yahoo.com,RY68-42927082,3.35
58613,1926,Christina,Martin,(833) 312-1098,christina_martin@outlook.com,dx98-57803039,6.79
20158,2025,Paul,Bryant,(091) 042-7162,bryantp@gmail.com,Na62-34037399,27.19
18091,1125,Amanda,Brooks,(877) 260-7083,brooksa@mail.com,Jl56-65914485,7.95
21842,9800,John,Simpson,(781) 029-7639,john_simpson@yahoo.com,Vo06-42013217,19.47
70468,1867,Susan,Ferguson,(216) 998-1543,susanferguson@icloud.com,Dy50-07853493,21.35
79072,7627,Amy,Cain,(374) 550-8651,caina@mail.com,qk44-86039375,11.51
94356,5107,Rachel,Sullivan,(351) 064-5630,rachelsullivan@yahoo.com,jL15-33701757,11.7
57172,7150,Nicole,Hill,(694) 155-6029,nicole.hill@mail.com,vB33-37746376,15.12
27817,2569,Ryan,Jones,(550) 000-2581,ryan.jones@icloud.com,mJ33-65290594,19.06
87628,2943,David,Walsh,(589) 702-5730,dwalsh@comcast.net,Rr31-11559877,12.94
63726,7150,Laura,Ramirez,(446) 164-6578,lramirez@outlook.com,GY83-66633213,20.41
56097,2869,Nichole,Graham,(233) 685-5661,ngraham@outlook.com,kh62-32306972,1.26
61050,3447,Jamie,Rodriguez,(914) 777-3997,jamierodriguez@outlook.com,GD63-99556190,29.44
33400,5317,Alejandro,Parsons,(163) 064-1131,aparsons@comcast.net,yk84-28575638,17.59
61612,5846,Amber,Medina,(103) 328-2090,medinaa@hotmail.com,Kr10-03810818,6.7
98057,7799,Emily,Sandoval,(767) 472-3709,emily.sandoval@hotmail.com,Km65-46406015,29.29
28500,5064,Erica,Mckenzie,(106) 846-1232,erica.mckenzie@gmail.com,QC52-05413897,21.88
76521,9777,Christopher,Welch,(110) 995-1554,christopher_welch@aol.com,EK99-40483569,4.56
53948,2221,Clayton,Flores,(338) 254-0796,floresc@outlook.com,vt68-51811822,24.89
67004,7443,Shelby,Liu,(930) 167-5314,sliu@outlook.com,Ay17-31968341,10.85
97055,8293,Ashley,Wade,(566) 839-0946,awade@mail.com,IP31-05999966,2.18
65154,5563,Kevin,Callahan,(372) 178-6774,kevin.callahan@yahoo.com,oL13-26396945,8.39
29046,5579,Kimberly,Bailey,(479) 495-2674,kimberly.bailey@comcast.net,On71-23821090,2.67
77859,6868,Mary,Nelson,(825) 383-7302,marynelson@hotmail.com,qW62-74281976,7.43
35002,7674,Kara,Wilson,(879) 967-2254,kara_wilson@comcast.net,FB77-08093427,15.93
14680,7170,Sarah,Nelson,(687) 116-4109,sarah_nelson@aol.com,XX22-18246163,12.25
97537,3078,Alisha,Luna,(208) 973-7497,alisha.luna@comcast.net,Eg79-95519793,6.11
96204,7246,Julia,Juarez,(304) 849-3164,jjuarez@aol.com,pR50-91353915,3.71
38558,5846,Tina,Garrison,(234) 015-3626,garrisont@comcast.net,Ga71-79970916,26.18
70483,6579,Ronald,Sanders,(328) 870-1956,ronald.sanders@hotmail.com,Oo16-83754519,28.24
76570,8216,Kevin,Jones,(420) 676-1641,jonesk@aol.com,jG94-14362808,12.48
73740,3836,Lauren,Boyd,(384) 548-4436,laurenboyd@icloud.com,Ke55-30207940,5.04
84593,1030,John,Stanley,(687) 231-7949,john_stanley@outlook.com,Sy09-25439393,21.69
41785,4024,Zachary,Haynes,(555) 228-1452,zachary.haynes@gmail.com,pA34-54525966,24.68
15823,6803,Gabrielle,Phillips,(236) 345-5923,gphillips@yahoo.com,Zy24-96724864,1.87
73331,4499,Alicia,Woodard,(394) 397-1532,woodarda@outlook.com,bf18-82142815,1.16
73972,9627,Robert,Knight,(784) 992-1356,robert_knight@icloud.com,bn70-82164018,2.19
78169,6167,Natalie,Thompson,(254) 003-8183,natalie.thompson@hotmail.com,OX52-91944346,13.26
69172,8087,Carolyn,Dunn,(233) 032-8733,dunnc@comcast.net,vD33-59822736,23.04
18612,2623,Alexander,Torres,(022) 715-2457,alexander.torres@outlook.com,OH16-76121258,1.5
51420,5296,Brittany,Strong,(785) 017-1294,bstrong@aol.com,Cu07-27471097,4.15
28538,7398,Andrew,Lowe,(983) 944-7269,lowea@gmail.com,vU72-02707092,17.17
80356,6755,Zachary,Hernandez,(766) 702-4116,zacharyhernandez@hotmail.com,nn14-96398338,18.34
71007,2743,Jason,Ford,(885) 760-6083,jford@outlook.com,ha32-02997343,13.64
58451,3698,Stacy,Andrade,(857) 280-8583,andrades@comcast.net,en22-98333590,27.5
68810,5107,Emily,Rivera,(367) 859-4250,erivera@mail.com,qL94-80078023,22.23
71896,6682,Michelle,Brown,(331) 792-5514,michelle_brown@icloud.com,ik01-39923037,8.69
65915,5335,Pamela,Moyer,(029) 241-4631,pamelamoyer@aol.com,ga28-15712141,29.67
37773,2862,Charles,Ho,(422) 937-8318,charles.ho@yahoo.com,BW58-36336881,18.82
62618,9258,Gail,Bowman,(359) 014-8410,gailbowman@mail.com,yF97-72120815,10.73
77370,2986,Brenda,Long,(292) 159-7713,brenda_long@hotmail.com,jD98-07262840,29.17
28219,3198,Nicholas,Ruiz,(332) 283-4086,nicholas.ruiz@gmail.com,rC79-82551081,23.2
86039,4253,Chelsea,Hess,(960) 781-2897,chelseahess@yahoo.com,bZ49-34383546,29.18
40544,1746,Gwendolyn,Conway,(755) 863-8141,gwendolyn.conway@gmail.com,ab82-74800029,7.04
21522,7627,Cynthia,Russell,(498) 135-1609,cynthiarussell@hotmail.com,MK41-05531279,12.69
71307,1425,Samantha,Murray,(027) 521-5296,smurray@hotmail.com,lY12-37758169,17.54
22077,8872,Robert,Stephens,(361) 513-2624,stephensr@hotmail.com,rs00-24381910,8.2
22318,8274,Cameron,Silva,(129) 036-9058,silvac@aol.com,rB24-29466474,5.46
74770,6868,Curtis,Freeman,(965) 310-2584,cfreeman@yahoo.com,kx15-45784748,22.27
96200,8301,Jason,Burgess,(525) 176-1021,burgessj@yahoo.com,eC93-98778894,5.15
46050,9278,Valerie,Johnson,(913) 298-0669,vjohnson@hotmail.com,hy44-76227358,1.16
79196,2104,Laura,Miller,(004) 023-8323,lauramiller@comcast.net,fs72-96425804,3.38
35477,3698,Christopher,Gordon,(719) 222-1066,christopher.gordon@hotmail.com,FL79-48682296,14.33
46867,6219,Jonathan,Clark,(645) 756-0573,jonathanclark@mail.com,ss63-54830449,13.28
92126,4557,Adam,Best,(956) 749-2634,adam.best@hotmail.com,Lg08-35315495,16.82
75749,4327,Nicole,Dunn,(165) 105-9577,nicoledunn@aol.com,yi78-72811028,28.56
32502,6339,James,Patrick,(733) 064-2863,patrickj@mail.com,uB69-53560889,4.27
22429,2943,Victor,Fuller,(707) 271-4596,victor.fuller@aol.com,lA90-75916348,8.71
42942,6214,Gary,Ali,(131) 676-8559,alig@hotmail.com,nm55-77543055,13.12
39702,8087,Dawn,Thomas,(648) 003-1184,dawn_thomas@hotmail.com,of86-87467998,25.14
67808,3095,Frank,Mercer,(283) 652-3996,fmercer@gmail.com,dB05-60392927,26.98
69909,9777,Eric,Dudley,(756) 369-7508,edudley@hotmail.com,Ue23-44929159,3.63
43327,9684,Heather,Boyd,(966) 836-3546,heather_boyd@yahoo.com,XO35-79576028,1.53
70426,7627,Jerry,Castillo,(005) 516-9468,jerrycastillo@hotmail.com,ue97-68056023,22.86
83906,2275,Lisa,Gonzalez,(576) 570-0058,gonzalezl@icloud.com,re59-41041774,16.55
47030,7824,Tonya,Cole,(640) 836-0915,tonya_cole@hotmail.com,Kd80-37951234,19.39
46999,1824,Frank,Lopez,(242) 293-4070,frank_lopez@yahoo.com,Ut90-55005469,12.59
52843,1580,Alicia,Ward,(481) 301-7067,award@aol.com,Dd02-58518193,1.48
58047,3488,Stephen,Gray,(198) 950-3091,grays@outlook.com,ZN12-65029543,15.38
85574,1617,Brandon,Barnes,(006) 858-0061,brandonbarnes@gmail.com,Tz33-59149036,25.27
25870,1518,Elizabeth,Baker,(786) 942-7993,elizabeth.baker@mail.com,II39-27877921,15.64
12717,1906,Amy,Frank,(184) 379-8323,amyfrank@icloud.com,pQ45-73068504,3.44
20745,3198,Kevin,Schaefer,(351) 970-6791,schaeferk@aol.com,Am51-80887656,28.91
55097,6564,Terri,Brennan,(989) 021-4009,terri.brennan@gmail.com,oy98-01518223,10.64
68529,2968,John,Jackson,(097) 243-3702,jjackson@aol.com,om02-64494522,3.65
68356,7799,Kristi,Christensen,(492) 828-4339,kristichristensen@outlook.com,ze25-86684756,29.83
99604,6803,James,Sellers,(331) 669-5881,james_sellers@comcast.net,VB96-10400919,5.54
79447,8437,Darin,Lang,(203) 773-2386,darinlang@hotmail.com,Qw13-37546941,20.72
85539,2319,Crystal,Thompson,(855) 731-8447,thompsonc@icloud.com,ki23-22627007,11.22
10573,7779,Joyce,Bradshaw,(197) 143-3664,joycebradshaw@yahoo.com,iC16-44770808,6.03
91345,8301,Theresa,Crawford,(680) 705-3669,theresa_crawford@hotmail.com,bQ87-80715167,19.65
51578,1755,Terry,Spears,(555) 006-4706,terry.spears@mail.com,AJ18-11919353,18.23
78026,5674,Thomas,King,(826) 130-4671,thomasking@gmail.com,EA82-26486880,3.66
14483,6672,Craig,Woods,(847) 004-9651,woodsc@icloud.com,Ki43-56705008,11.08
47669,2163,Natalie,Miles,(962) 715-7336,natalie.miles@mail.com,DE45-05415014,17.61
41577,6917,Chelsea,Graham,(826) 128-6205,cgraham@mail.com,Ix74-22154419,3.29
17669,6353,Matthew,Carpenter,(001) 434-0267,matthew.carpenter@mail.com,av83-02167411,6.62
23780,9278,Allison,Mcdowell,(158) 849-9258,allison.mcdowell@mail.com,ZI60-66190822,20.7
92798,5620,Christopher,Walker,(618) 651-6246,christopherwalker@aol.com,bO23-06785219,20.99
42632,4371,Susan,King,(403) 281-3619,susan.king@outlook.com,PT44-26329296,1.39
68052,6567,Amanda,White,(279) 388-4174,amandawhite@comcast.net,vk31-83137375,10.78
48118,6700,Brian,Foster,(131) 333-2115,bfoster@hotmail.com,kA67-91153184,4.11
46339,2319,Erica,Ramirez,(006) 675-1559,erica_ramirez@aol.com,Ls13-78881144,26.39
33420,1030,Corey,Brown,(519) 765-1428,corey_brown@yahoo.com,iQ57-34678813,11.34
98274,3698,Amanda,Garcia,(714) 917-1823,amanda_garcia@hotmail.com,qN56-16211687,29.76
82567,1746,Michael,Wilkerson,(099) 075-6004,mwilkerson@yahoo.com,sq10-91051235,3.84
47492,5064,Casey,Smith,(710) 459-8684,caseysmith@aol.com,tV49-70959382,13.96
31858,9800,Jennifer,Watson,(004) 249-9804,jennifer.watson@yahoo.com,kZ99-08855864,1.25
26476,1867,Shelia,Nelson,(064) 546-8917,snelson@gmail.com,Wd97-92379018,9.31
20762,7844,Nathan,Middleton,(231) 572-5907,nmiddleton@mail.com,Sh35-48480474,1.3
42153,8785,Dennis,Jensen,(607) 612-4680,jensend@mail.com,OA08-92715620,19.38
20487,7779,Robin,Moore,(997) 416-0797,robin.moore@mail.com,rY09-12844571,25.94
93992,8087,Kevin,Gregory,(446) 115-1513,kevingregory@aol.com,io35-37718648,19.5
59702,4327,Anthony,Roth,(515) 494-6335,aroth@yahoo.com,mH61-20255505,4.83
14941,3198,Patrick,Benson,(435) 588-4337,bensonp@yahoo.com,OV29-10050904,22.65
74359,1696,Allison,Erickson,(528) 936-5780,aerickson@yahoo.com,Mu10-32456219,24.79
78621,6868,Jonathon,Williamson,(267) 310-1751,williamsonj@comcast.net,HG90-14285611,26.4
81210,5003,Kayla,Lawrence,(063) 240-8934,kayla_lawrence@hotmail.com,Ck94-69423836,15.56
51545,1580,Richard,Lin,(577) 081-9399,linr@outlook.com,uw96-32637775,2.72
63626,6430,Justin,Boyd,(686) 220-3964,justinboyd@gmail.com,oq35-65060193,21.96
94450,4162,Jonathan,Walton,(351) 613-9016,jonathan.walton@gmail.com,BN47-80680800,10.51
49437,3402,Kent,Harris,(369) 101-4097,harrisk@gmail.com,Un28-62255132,29.37
26155,2310,Jessica,Freeman,(303) 480-1360,freemanj@outlook.com,Yj14-08599503,1.88
15091,2707,Larry,Harvey,(850) 028-2495,larryharvey@yahoo.com,Jx12-98421270,13.11
87983,6127,Ryan,Pittman,(984) 600-8713,ryan_pittman@icloud.com,Nz06-64431501,1.3
70978,2943,Heather,Brown,(950) 670-6720,hbrown@hotmail.com,UQ96-49204446,6.38
80719,8196,Sarah,Patterson,(944) 304-6703,sarah_patterson@aol.com,Cy59-46227678,16.59
15291,2319,April,Nguyen,(618) 730-3681,anguyen@mail.com,tL95-68708081,17.01
74812,9627,Kathy,Sanchez,(308) 375-5963,ksanchez@outlook.com,ZZ99-81595962,23.32
97344,2968,Kelsey,Dunn,(850) 400-7932,kelseydunn@icloud.com,HL69-65426471,8.21
34071,7262,Terri,Navarro,(341) 009-9338,terri_navarro@aol.com,Fj73-27933146,8.31
35910,3198,Kelly,Riley,(001) 894-9457,kelly.riley@outlook.com,kQ24-61027577,21.42
24009,3402,Tom,Johnson,(401) 681-6222,tomjohnson@aol.com,rR72-92978935,9.6
17984,8588,Carrie,Flynn,(225) 754-8218,carrie.flynn@aol.com,UQ98-62965331,9.73
63703,1617,Bianca,Anderson,(354) 761-3634,bianca_anderson@icloud.com,ys88-27065702,6.36
79869,9356,Brandon,Shah,(169) 451-5210,brandon.shah@mail.com,HE22-14253102,14.33
67767,1696,Ryan,Lamb,(784) 499-5653,lambr@yahoo.com,TZ47-55796466,18.73
69617,2319,Brandon,Hines,(805) 392-9349,brandonhines@gmail.com,UO28-66245034,25.04
68475,1617,Thomas,Rose,(611) 808-6908,thomasrose@mail.com,Dc29-84294466,5.91
21147,2025,Antonio,Marsh,(576) 280-8714,marsha@mail.com,QH42-23494143,23.08
20118,9627,Erika,Young,(825) 512-0698,erikayoung@mail.com,Hw36-23301661,21.45
79897,9278,Stacy,Parrish,(660) 098-2702,stacyparrish@icloud.com,Zv29-42243240,20.26
12504,2524,Kristin,Hood,(579) 077-1902,kristin_hood@hotmail.com,CJ08-05410063,18.08
73713,4327,Jonathan,Newman,(716) 369-2296,jonathannewman@comcast.net,Uv04-85805206,27.81
75236,8437,Nichole,Smith,(893) 473-2430,nsmith@aol.com,pX98-12267690,3.23
66184,2623,Debra,Hall,(808) 546-9994,dhall@icloud.com,Rq88-02645141,8.9
68841,1696,Lisa,Ramirez,(624) 692-2831,lisa.ramirez@mail.com,Mn90-88346139,18.2
68001,9926,Elizabeth,Hernandez,(329) 935-4612,ehernandez@aol.com,QO25-78545925,10.56
67273,1125,Kelly,Hatfield,(447) 544-6644,kellyhatfield@gmail.com,OW79-08769133,27.93
84520,2743,Sheri,Davis,(107) 222-4171,sdavis@comcast.net,ca80-96590390,27.61
93020,2968,Ronald,Reed,(843) 226-5398,ronald.reed@yahoo.com,gR81-75430597,28.93
83704,2986,Mark,Park,(753) 585-1351,mark.park@outlook.com,jZ42-95270436,26.11
63701,3999,Michael,Glass,(903) 973-3114,glassm@hotmail.com,va27-38009965,12.83
60146,2221,Amanda,Washington,(082) 288-1118,awashington@yahoo.com,cj26-04819760,25.95
61610,6917,Brittany,Dunn,(105) 517-2170,brittany_dunn@comcast.net,RK79-19615334,6.13
68671,1662,Denise,Pugh,(895) 212-4115,denise_pugh@outlook.com,Wb90-91692352,15.23
93598,6700,Angela,Richards,(192) 466-3339,richardsa@aol.com,bR83-47181972,28.31
96621,6339,Megan,Hoover,(062) 004-2455,megan.hoover@outlook.com,by05-57971867,24.98
53985,1746,Margaret,Bautista,(472) 802-3687,mbautista@outlook.com,gW77-75081100,20.09
18962,6417,Louis,Mccann,(336) 958-5177,louis.mccann@mail.com,xZ06-78483430,8.74
54501,9101,Emily,Watts,(026) 492-4654,wattse@yahoo.com,Ku89-44907952,2.05
55531,5960,Jorge,Brown,(059) 129-6543,jorgebrown@gmail.com,yn00-63502676,14.78
75485,6024,Cynthia,Morton,(258) 411-4167,cynthia.morton@mail.com,zd44-11425762,1.18
90550,3270,Tyrone,Norton,(199) 078-8510,tyrone_norton@icloud.com,Ij04-99534961,13.72
56467,3735,Lisa,Calderon,(882) 601-8533,lisacalderon@gmail.com,lf10-83117742,24.3
13235,2678,John,Garcia,(819) 474-8296,garciaj@gmail.com,na77-22273457,15.46
39339,3402,Chad,Quinn,(138) 533-2883,cquinn@comcast.net,sh53-50157883,28.22
21597,2869,William,Mckee,(941) 651-6305,william_mckee@mail.com,QP61-69089984,24.33
41033,7784,Matthew,Kane,(587) 651-8972,mkane@mail.com,Ri18-19680540,3.57
72302,9278,Derek,Williams,(585) 632-4063,williamsd@yahoo.com,dS87-12035248,27.32
59719,2623,Jennifer,Nelson,(787) 763-7721,jnelson@yahoo.com,Ii88-63675433,17.11
12834,2310,Glenn,Mosley,(546) 442-9272,glenn_mosley@aol.com,tn05-12082952,8.19
28170,4024,Lisa,Grimes,(051) 506-0116,lisa.grimes@aol.com,Ua94-79025244,14.28
27183,7262,Jose,Johnson,(296) 399-3254,jose.johnson@icloud.com,LX25-36180248,5.5
99946,9802,Joseph,Melton,(689) 223-2958,josephmelton@icloud.com,uV14-88228012,24.17
14375,4258,Karen,Hudson,(450) 596-3470,karen.hudson@yahoo.com,RQ63-86860015,17.55
20470,5317,Juan,Lee,(607) 790-2004,leej@icloud.com,Hm22-61906993,18.57
71737,8298,Stuart,Owens,(587) 114-2783,stuart_owens@mail.com,wl03-46430074,8.97
26072,9926,Michelle,Smith,(186) 350-3288,michellesmith@icloud.com,PL33-60727765,9.08
88629,5335,Kevin,Lopez,(025) 129-1569,klopez@gmail.com,cC45-25134415,20.64
41815,5790,Christopher,Chase,(805) 070-2963,christopherchase@icloud.com,jz22-23452439,11.52
62953,7779,Charles,Warner,(661) 023-0463,charles.warner@aol.com,GA25-31730244,13.76
25434,7246,Gary,Jacobson,(618) 139-0753,jacobsong@hotmail.com,uf10-56831288,11.65
61695,5107,William,Parks,(569) 915-1804,williamparks@hotmail.com,gg98-04451423,16.13
84817,8274,Amy,Baldwin,(912) 781-1519,baldwina@outlook.com,pd79-17607882,24.68
21692,8196,Benjamin,Chambers,(731) 935-7820,bchambers@aol.com,bR94-20049030,4.24
16028,2442,Margaret,Mckinney,(192) 529-4187,margaret_mckinney@gmail.com,ki10-96223242,22.34
34085,6564,Rhonda,Horne,(468) 079-6338,rhondahorne@gmail.com,ux45-96802053,23.77
34383,9331,Richard,Hawkins,(081) 081-3687,richardhawkins@icloud.com,UV96-50845554,25.04
49858,2997,Laura,Cohen,(963) 953-7508,lauracohen@yahoo.com,ql87-14885972,8.15
41501,7523,David,Moran,(511) 664-9987,dmoran@icloud.com,UE21-20408750,4.29
30073,7523,Jamie,Snyder,(212) 184-4692,snyderj@outlook.com,Zt91-50984142,5.62
43431,1125,Jeffrey,Cobb,(387) 094-5458,jeffrey.cobb@icloud.com,Yv07-59103584,26.9
35810,2442,Scott,Garcia,(434) 254-6521,scottgarcia@gmail.com,xk26-97869202,9.69
32789,6370,Jennifer,Wilson,(458) 658-6729,jenniferwilson@hotmail.com,iR45-28001087,22.82
39473,3698,Michelle,Smith,(942) 906-3160,msmith@aol.com,oB11-75421020,26.75
49462,2829,Paul,Dyer,(065) 629-9068,dyerp@comcast.net,kb67-40846931,18.0
28555,5317,Wesley,Bennett,(276) 696-4233,wbennett@hotmail.com,jQ98-44287449,15.95
23829,9278,Janice,Fitzgerald,(296) 441-9107,jfitzgerald@aol.com,QR18-10679089,5.51
63117,2486,Kenneth,Villa,(585) 668-9976,kennethvilla@yahoo.com,uj56-17182236,5.81
59517,3078,Richard,Fry,(202) 570-4949,richard_fry@mail.com,Ck30-10634600,22.61
16105,1746,Nicholas,Nelson,(907) 795-5883,nicholasnelson@yahoo.com,ZO64-40659481,1.02
67024,4253,David,Eaton,(132) 821-7312,deaton@outlook.com,ye36-27614245,27.22
30835,5790,Cynthia,Bryant,(578) 906-6131,cynthiabryant@yahoo.com,NE36-83693934,27.63
33510,3198,Jerry,Ruiz,(963) 163-7613,jerryruiz@aol.com,Fx21-69175862,3.34
52270,6024,Paula,Miller,(671) 103-4717,millerp@gmail.com,Mp22-16598493,3.49
41710,9621,Brooke,Ford,(208) 427-7574,brooke.ford@hotmail.com,kI23-05960630,3.43
32402,1662,Jose,Chen,(946) 310-4253,josechen@hotmail.com,jy34-43303770,24.75
57300,2104,Beth,Bennett,(006) 857-0768,beth.bennett@hotmail.com,ru69-79008421,16.26
16232,1926,Erik,Miller,(280) 925-3176,erik.miller@hotmail.com,Yq33-66586556,18.02
41547,8120,Danny,Carter,(530) 652-1891,carterd@gmail.com,aw91-22684034,5.61
88378,7227,John,Russell,(753) 920-5428,john.russell@gmail.com,hE95-30240674,12.24
18706,2829,Fernando,Bates,(847) 953-9006,fbates@aol.com,iS24-98589097,3.82
57304,7262,Tina,Williams,(276) 378-4920,tinawilliams@comcast.net,MQ34-58969041,8.12
45885,5064,Brian,Castillo,(078) 175-6866,brian.castillo@yahoo.com,dU54-87737531,6.75
76329,6917,Caitlin,Swanson,(434) 951-5097,swansonc@comcast.net,Yh05-55650161,3.02
20888,5064,Jeffrey,Chen,(845) 397-9535,chenj@icloud.com,Sl16-55166626,27.09
13330,7824,Melissa,Miller,(061) 821-8013,mmiller@aol.com,Be23-74038856,23.08
44002,7779,Crystal,Thompson,(689) 395-0793,crystalthompson@gmail.com,LX43-51007543,13.14
46139,6700,Angel,Wilson,(411) 079-7389,angel_wilson@yahoo.com,As88-82105448,12.23
33433,3447,Stephanie,Romero,(332) 355-7599,stephanieromero@aol.com,Uq73-86369798,7.03
36874,8785,Teresa,Reynolds,(400) 213-6096,teresa.reynolds@yahoo.com,cr10-02504839,8.9
21598,1425,Desiree,Spencer,(659) 176-4817,desiree_spencer@aol.com,SR95-56177377,10.34
90076,6564,Russell,Hernandez,(396) 555-5525,russell.hernandez@hotmail.com,QI47-04587736,25.06
88213,2524,Jeffrey,Rodriguez,(587) 424-5224,jeffreyrodriguez@gmail.com,Pr00-05762079,20.36
28212,3764,Terri,Weber,(665) 082-0027,terri_weber@yahoo.com,Sa93-39903422,26.44
16057,7824,Brian,King,(387) 497-3242,bking@comcast.net,ae90-72010540,3.71
20909,1906,Pamela,Smith,(834) 822-4672,pamelasmith@yahoo.com,vK72-61432340,12.03
70597,4499,Nathan,Collins,(780) 960-5860,ncollins@aol.com,RO05-79296635,23.43
39456,6417,Alison,Li,(343) 578-4993,alison_li@outlook.com,qi25-88005876,10.79
96092,5960,Eric,Allen,(596) 236-3107,ericallen@icloud.com,EB57-59777770,21.22
80544,2163,Caleb,Dixon,(448) 053-9766,dixonc@icloud.com,RP98-35494434,28.32
61132,7844,Susan,Williams,(301) 020-9724,susan.williams@aol.com,Ge44-22375209,29.95
74441,2733,Autumn,Waller,(229) 674-0942,awaller@icloud.com,iZ44-84892385,22.7
44755,5296,Jasmine,Gibson,(734) 806-3552,jasmine.gibson@comcast.net,LI63-73204579,21.9
19518,6430,Erik,Torres,(058) 227-3805,eriktorres@mail.com,nU72-55057125,28.18
86035,1696,Samantha,Durham,(270) 088-6953,samantha.durham@gmail.com,Kn39-17920936,28.89
92981,1696,Nicholas,Gomez,(502) 364-9895,nicholas_gomez@mail.com,gc03-01882479,20.52
20245,2999,Samantha,Johnson,(625) 380-7129,samantha.johnson@icloud.com,FN14-22360409,18.57
63244,9101,John,Moore,(284) 162-9105,johnmoore@outlook.com,Aq76-41901512,20.46
42559,9101,Rhonda,Moore,(180) 723-3141,rmoore@aol.com,yG80-03900623,22.8
83868,7770,Joseph,Wagner,(373) 629-2671,wagnerj@gmail.com,hS35-70538586,9.6
66055,5107,Carla,Roman,(407) 983-5468,romanc@outlook.com,Jg02-48362504,23.28
89601,6755,Tracy,Miller,(631) 320-7139,millert@yahoo.com,Hy66-33382986,26.74
44423,7779,Cody,Andersen,(297) 025-4114,cody_andersen@comcast.net,Ta38-57071173,4.29
38011,3930,Heidi,Murphy,(878) 696-7493,hmurphy@outlook.com,Ay44-39522225,20.09
61337,5960,Daniel,Lawson,(935) 519-2485,daniellawson@comcast.net,ZB60-37198193,2.82
99401,1824,Holly,Ruiz,(145) 931-3163,holly_ruiz@icloud.com,bU31-20190789,26.35
57367,8981,Allen,Parker,(371) 433-5368,aparker@comcast.net,xD59-58998506,2.62
48460,6564,Patrick,Horton,(084) 281-5229,patrick_horton@yahoo.com,FC46-25126531,10.37
77488,2986,Alicia,Krueger,(469) 829-9370,aliciakrueger@mail.com,fo24-67150107,28.29
65950,6219,James,Potter,(170) 947-1977,potterj@aol.com,gN48-36510713,24.53
18266,9777,Billy,Gomez,(796) 395-9384,billy.gomez@mail.com,SA40-62957283,10.3
30889,2442,Curtis,Espinoza,(967) 296-0979,cespinoza@outlook.com,iI97-25237623,1.92
26609,5317,Michelle,Li,(199) 154-5404,michelle.li@icloud.com,Bc96-94277159,18.97
72080,7577,Janice,Patton,(959) 219-1627,janicepatton@icloud.com,cj86-06850945,4.44
96827,7674,Amanda,Mosley,(088) 224-9471,mosleya@hotmail.com,Xu13-90007781,17.19
85202,6214,Anthony,Burch,(881) 388-7016,anthony.burch@hotmail.com,KA92-09558069,2.32
88223,1992,Patricia,Harrison,(015) 369-0512,patriciaharrison@yahoo.com,ki37-95265125,5.34
65794,2862,Brandi,Snyder,(597) 237-3507,brandi_snyder@comcast.net,NZ63-35325514,2.69
96625,3698,Teresa,Hill,(249) 588-3671,hillt@comcast.net,CM19-71927721,4.26
90002,4631,Angel,Mann,(829) 641-6101,angelmann@aol.com,Bb99-92269989,28.46
32201,6755,Anthony,Wilson,(474) 494-7243,wilsona@yahoo.com,bB83-50893884,3.27
10711,5296,Emily,Coleman,(217) 194-4109,emily_coleman@gmail.com,UU81-64128227,22.3
89705,8872,Dana,Salazar,(107) 407-2943,dana.salazar@gmail.com,cC35-35152164,17.09
96472,4371,Kimberly,Robles,(270) 556-5191,kimberlyrobles@comcast.net,ko45-65328604,17.75
14107,7817,Valerie,Campbell,(332) 207-9238,vcampbell@hotmail.com,QN30-99670940,19.62
69890,3328,Kayla,Santiago,(428) 578-3675,santiagok@yahoo.com,NN28-61467313,28.06
85147,5790,Tiffany,Nelson,(453) 035-9838,tiffanynelson@outlook.com,fU10-01685094,10.02
63027,8274,Parker,Moran,(829) 304-3613,parkermoran@outlook.com,Av45-18516993,3.7
25248,5884,Andrea,Gonzalez,(726) 259-4115,andrea_gonzalez@aol.com,Dd50-08988720,7.23
49989,7398,Jane,Ward,(028) 733-3836,jward@yahoo.com,BD73-30229387,1.13
63788,3836,Cassandra,Mack,(675) 853-1077,cassandra_mack@hotmail.com,Hv51-58769214,27.89
61747,1315,Brandi,Hardy,(950) 624-4655,hardyb@comcast.net,KW31-11164218,10.92
41484,5296,Brian,Richards,(161) 716-1971,brian.richards@outlook.com,Ph91-61199811,1.08
42764,5317,Janet,Ruiz,(637) 484-7958,ruizj@yahoo.com,UT22-70319587,17.31
13774,2733,Emily,Rogers,(534) 680-0862,emily_rogers@yahoo.com,kK64-09635340,18.02
66916,9777,Alyssa,Thomas,(089) 269-8495,athomas@mail.com,dM10-85228551,14.52
33896,6127,Karen,Hernandez,(742) 402-9164,khernandez@icloud.com,Ew03-99395079,8.94
12094,8087,Daniel,Mitchell,(251) 186-2355,daniel.mitchell@mail.com,zU73-75544407,26.41
19861,7150,David,Jackson,(758) 253-3000,david.jackson@hotmail.com,OK19-53006208,18.24
54465,6755,Kevin,Thompson,(162) 271-1106,kevinthompson@comcast.net,Zl12-90539297,19.25
72520,6024,Kenneth,Huff,(984) 149-9477,kennethhuff@yahoo.com,dX45-02610303,1.95
17126,9802,Suzanne,Lopez,(104) 804-5124,slopez@icloud.com,ZF14-61252442,17.13
47148,8190,Alicia,Johnson,(915) 551-9305,aliciajohnson@gmail.com,ME64-06491036,20.95
42423,2862,Kevin,Whitney,(874) 108-2224,kevin.whitney@gmail.com,Nu20-28562109,18.26
36359,2829,Jason,Richardson,(618) 967-0823,jason_richardson@yahoo.com,Wq36-61451462,2.61
39645,3267,Logan,Hudson,(193) 907-7852,lhudson@icloud.com,Nd80-15302022,3.12
69108,5588,Edward,Cross,(666) 124-9528,ecross@aol.com,wp93-41650500,27.53
32233,3930,Sharon,Coffey,(112) 539-8935,sharoncoffey@mail.com,SZ35-97024237,28.02
16129,2275,David,Rollins,(085) 802-3665,david_rollins@comcast.net,lh45-84473608,27.55
44281,2707,Christine,Lester,(361) 092-8484,clester@outlook.com,IA60-23810764,1.32
44903,7445,Angelica,Acevedo,(412) 593-2689,angelica.acevedo@gmail.com,IZ77-84742402,6.76
91905,6127,Debbie,Cook,(334) 963-5270,cookd@icloud.com,kI20-57134346,20.55
23445,5790,Cory,James,(217) 375-1761,cory.james@outlook.com,BO55-80248373,17.63
68591,1030,Laura,Silva,(456) 989-2792,silval@aol.com,NG12-13798544,24.26
15272,3270,Anita,Martinez,(693) 344-3119,amartinez@yahoo.com,JA71-12352308,9.47
94802,6214,David,Thomas,(817) 567-7324,david.thomas@comcast.net,PL43-44934581,12.23
39254,6370,Thomas,Garner,(650) 798-0165,thomas.garner@comcast.net,HO73-28199189,3.38
17014,8419,David,Hawkins,(038) 027-3878,dhawkins@outlook.com,dV34-80723427,23.73
24678,2943,Matthew,Wiley,(557) 329-6838,mwiley@outlook.com,bF31-89364825,3.96
33475,6755,Jessica,Oliver,(439) 631-0074,joliver@icloud.com,SN34-64515439,14.08
32072,7824,Charles,Fox,(896) 021-6907,charles_fox@aol.com,hu96-95462362,1.69
30068,3926,Nathan,Rodriguez,(982) 186-5926,nathan.rodriguez@icloud.com,Yy34-37922157,1.78
10031,2862,Joseph,Swanson,(610) 339-1964,josephswanson@comcast.net,Iy58-02554965,1.11
89020,6803,Susan,Young,(760) 553-7682,susan.young@icloud.com,zq23-42280784,28.47
67330,1906,Christina,Clark,(370) 234-8714,christina.clark@icloud.com,aX53-59288998,29.23
15359,9788,Justin,Garcia,(970) 074-9973,justin_garcia@mail.com,rq18-61004098,8.98
15697,3764,Kathryn,Richard,(387) 010-2326,kathrynrichard@outlook.com,ts07-44974140,22.42
92527,7844,Joseph,Anderson,(822) 048-9487,andersonj@yahoo.com,Hy90-86778097,15.86
33859,7150,Alexander,Spencer,(476) 091-0446,aspencer@gmail.com,aF73-36364169,24.39
70967,7619,Paul,Young,(467) 553-9725,paul_young@mail.com,YN13-40119561,18.9
49050,5335,Maria,Sims,(289) 878-1223,mariasims@yahoo.com,XE51-71791737,29.64
15253,2623,Mary,Nelson,(452) 159-7197,mary_nelson@outlook.com,hP66-24737242,13.19
94000,9743,Kyle,Miranda,(127) 549-0475,kyle.miranda@comcast.net,Qe20-78449999,15.7
53637,7398,Rebecca,Mann,(100) 445-3865,mannr@gmail.com,Cq72-63187116,27.92
34066,3999,Alex,Anderson,(073) 893-6734,aanderson@hotmail.com,sS67-42859964,17.29
47317,6073,David,Shah,(935) 854-3294,dshah@icloud.com,wm93-83769594,12.07
91172,1755,Jessica,Heath,(564) 656-5983,jheath@icloud.com,RD50-64219751,5.83
65633,8298,Alec,Martin,(682) 643-5601,alecmartin@gmail.com,ln41-73361009,16.24
99742,5563,Victor,Davenport,(315) 909-5198,vdavenport@hotmail.com,Jf86-05650034,3.29
14565,3328,Elizabeth,Henderson,(406) 914-2938,elizabeth_henderson@comcast.net,Wn92-85338160,21.9
80147,1906,Nicole,James,(296) 723-3221,njames@aol.com,Js90-66005736,29.57
17062,1731,Benjamin,Contreras,(314) 388-9142,benjamincontreras@aol.com,mB64-72454298,10.94
37406,4371,Cole,Carter,(480) 306-6997,colecarter@mail.com,wP75-18821475,17.15
97451,2486,Erik,Reed,(295) 166-9345,erik.reed@outlook.com,Tg26-29516391,27.03
37863,8298,Sandra,Boyd,(938) 309-5241,sandraboyd@hotmail.com,KQ30-34754143,23.2
36324,7523,Jennifer,Bean,(611) 438-7607,jbean@icloud.com,Qa60-76244369,7.39
70705,2221,Stephen,Jackson,(624) 419-7638,stephenjackson@gmail.com,aT27-80018581,18.07
42821,2221,Paula,Sanchez,(814) 880-5204,psanchez@outlook.com,zo88-58380607,22.53
37336,5317,Matthew,Brown,(390) 535-0952,matthewbrown@aol.com,Os17-23354404,4.3
92396,2943,Elizabeth,Berger,(203) 786-6330,elizabeth_berger@yahoo.com,ta68-62929104,11.96
68987,8087,Angela,Phillips,(623) 044-5290,angela.phillips@mail.com,Vp27-70447907,23.61
40276,6060,Gina,Torres,(734) 811-3735,torresg@yahoo.com,Fb24-22850597,13.9
39329,1518,Kenneth,Wiley,(187) 527-3390,kwiley@hotmail.com,oE10-05905381,28.29
86383,3930,Gregg,Hancock,(662) 926-5977,gregg_hancock@comcast.net,rb04-00335839,27.95
79272,1926,James,Whitney,(295) 471-4469,jameswhitney@yahoo.com,Ai39-18110622,25.41
54636,4371,Edward,Skinner,(552) 399-6231,edwardskinner@aol.com,Yw76-92843406,15.5
68873,9356,Rachel,Fitzgerald,(528) 946-3132,rachel_fitzgerald@hotmail.com,qL24-55356930,16.7
25879,6917,Emily,Moss,(185) 092-0861,emoss@comcast.net,CP40-67546519,16.44
71271,7262,Brandon,Crawford,(752) 556-9903,brandon_crawford@yahoo.com,SH00-43880221,28.88
64110,1430,Lindsey,Douglas,(784) 766-2155,lindsey.douglas@hotmail.com,OD11-80965563,27.45
25099,6682,David,Owens,(379) 047-9893,david.owens@aol.com,sc20-18275453,20.62
22839,7779,Diane,Scott,(698) 861-6483,diane.scott@outlook.com,IL32-29373665,13.24
78889,3162,Lisa,Matthews,(086) 694-6558,lisamatthews@gmail.com,EA24-89351756,29.93
56710,7038,David,Camacho,(635) 826-7954,dcamacho@aol.com,fU37-25853950,8.38
79669,5107,Monica,Peters,(057) 111-2415,mpeters@yahoo.com,kY38-91039254,3.13
33834,7246,Katrina,Gordon,(159) 269-1487,kgordon@hotmail.com,sf20-02999025,12.82
57964,5620,Dana,Collins,(904) 118-5271,dana_collins@comcast.net,JG93-14692093,13.61
77585,7844,Mary,Hayes,(180) 190-7456,hayesm@gmail.com,XL92-38666679,29.84
18175,2506,Alice,Flores,(000) 548-2255,floresa@yahoo.com,Pn54-49092097,10.06
95608,2905,Tristan,Moore,(566) 274-5640,tristan.moore@comcast.net,ps15-82628223,11.72
32393,7215,Kimberly,Davis,(416) 634-2650,davisk@gmail.com,Aj31-16461743,13.01
96874,6579,Brenda,Smith,(324) 422-5633,bsmith@mail.com,JG54-54346877,18.87
46212,9331,Kenneth,Adams,(596) 424-9472,kenneth.adams@aol.com,BX70-95463495,27.3
71380,5579,Brooke,Lester,(231) 820-8778,brookelester@mail.com,Ho09-06053228,6.48
39370,6672,Nathan,Carr,(942) 899-1400,nathancarr@yahoo.com,Xv30-84031607,16.48
94866,8298,Sarah,Holt,(520) 787-8664,sarah_holt@mail.com,xE29-34738442,6.37
91737,3328,Nicole,Lewis,(452) 456-1968,nlewis@comcast.net,FU63-16125353,15.39
73869,2325,Sarah,Mcdowell,(825) 771-4306,mcdowells@gmail.com,AS40-34766764,8.4
47718,1580,Christopher,Weber,(363) 556-8160,weberc@hotmail.com,Ln30-79250528,27.85
46385,9278,Benjamin,Obrien,(964) 190-3808,obrienb@comcast.net,WF45-83331331,12.76
81045,6060,Austin,Castillo,(583) 000-7116,acastillo@outlook.com,En07-87640319,5.32
83628,8130,Rebekah,Ferguson,(183) 710-4029,rebekah.ferguson@comcast.net,wl78-07113619,13.98
78423,9356,Lauren,Lopez,(015) 065-1024,lopezl@hotmail.com,Cm22-02852766,27.69
70610,2062,Rachel,Williams,(652) 086-7303,rachel_williams@aol.com,Oc36-75193320,6.8
95962,9926,Derek,Chambers,(288) 219-7877,derek_chambers@outlook.com,sE60-50820646,3.57
80943,3267,Kathy,Jennings,(088) 993-5940,kathyjennings@outlook.com,UX42-65270096,14.28
62175,2524,Matthew,Baker,(356) 950-6428,matthewbaker@hotmail.com,HN72-13346482,13.93
71764,2524,Scott,Cooper,(257) 745-2181,scottcooper@outlook.com,WL09-12892368,1.76
73948,6255,Ashley,Jordan,(043) 883-3512,ashley_jordan@gmail.com,GQ54-15475817,19.57
10823,6803,Elizabeth,Bell,(667) 275-1127,elizabethbell@aol.com,VD04-73447545,20.29
59954,2524,Margaret,Erickson,(154) 836-9004,margaret.erickson@icloud.com,TH36-45103681,20.43
80892,1731,Brianna,Walsh,(883) 339-2139,bwalsh@gmail.com,ph30-15124382,8.66
51734,3198,John,Morris,(683) 035-0068,john.morris@outlook.com,LT93-10823048,29.04
67245,7993,Jennifer,Stevenson,(504) 004-7000,jennifer.stevenson@hotmail.com,Zk67-97987736,18.35
57895,8825,Samuel,Campbell,(595) 030-5232,samuel.campbell@aol.com,hL74-93998239,6.87
39647,2822,Heidi,Owens,(320) 438-0838,heidiowens@hotmail.com,RW74-69851178,15.26
25017,9331,Jill,Mcdowell,(329) 214-8571,mcdowellj@outlook.com,NI22-51891555,19.02
46825,2829,Brandon,Price,(834) 834-4401,brandonprice@gmail.com,XP48-35034309,11.28
21213,2997,Alicia,Allen,(436) 198-4481,allena@yahoo.com,Lh59-78869779,7.88
44715,7134,Sarah,Price,(367) 017-3061,sarahprice@comcast.net,SG01-98576182,1.4
54275,6214,Jennifer,Watson,(952) 728-1332,watsonj@aol.com,rd09-52578341,19.32
54126,1425,Melissa,Landry,(343) 236-1022,melissa.landry@hotmail.com,cs19-21978948,21.74
63139,7523,Kevin,Diaz,(470) 542-5915,kevindiaz@hotmail.com,BZ37-26884118,15.27
68968,1125,Jeremy,Brown,(381) 131-4243,jeremy.brown@gmail.com,vk18-49569282,24.5
53661,1867,Nathan,Wilson,(520) 916-3655,nathanwilson@outlook.com,Fl53-02551092,3.43
25508,5674,Miguel,Schneider,(879) 265-1164,miguelschneider@outlook.com,Km21-89395377,22.05
20181,3328,Matthew,Brewer,(422) 050-5105,matthewbrewer@aol.com,pp29-92590725,5.08
52033,5579,Jessica,Nicholson,(869) 600-4379,jessica.nicholson@outlook.com,so54-68029217,10.39
18553,9993,Michael,Wood,(950) 675-2419,michael.wood@yahoo.com,UM86-84341670,12.12
50817,3926,Jessica,Murphy,(697) 202-7670,jessica.murphy@mail.com,TR16-57010047,11.51
55159,1824,Julian,Roberts,(725) 229-0296,robertsj@gmail.com,Pm57-40461922,19.33
51995,4371,Robert,Clark,(414) 279-1619,robertclark@outlook.com,so53-78608110,24.59
32906,8301,Olivia,Miller,(963) 494-2718,omiller@icloud.com,KI47-74837194,18.28
87917,7150,Timothy,Ellison,(077) 165-1858,timothy_ellison@aol.com,vx72-68206103,11.93
76031,9552,Kelsey,Davenport,(345) 879-9212,davenportk@yahoo.com,Oa99-67645460,5.16
73129,7784,Adriana,Villanueva,(387) 778-0990,adrianavillanueva@comcast.net,xi46-24475212,22.46
41913,3328,Michael,Boyd,(739) 178-7060,michael_boyd@comcast.net,tw69-81839993,4.02
68413,3402,Cory,Farrell,(968) 580-3577,cory_farrell@aol.com,UZ87-48805561,15.38
22609,7470,Joseph,Williams,(060) 249-4656,josephwilliams@icloud.com,vU63-94420429,13.7
30676,3447,Kathleen,Russell,(100) 891-5628,krussell@outlook.com,yO89-67070235,8.67
73051,6868,Jeffrey,Cooper,(220) 998-1272,jeffrey.cooper@comcast.net,xJ46-79439415,11.95
22844,1055,Amy,Jones,(563) 961-5618,ajones@icloud.com,WH31-87290391,1.45
75502,3999,Terri,Luna,(028) 810-1248,terriluna@outlook.com,Us31-21410290,23.86
35496,2810,Jimmy,Gibson,(807) 485-2805,jimmygibson@comcast.net,gT88-99324405,12.79
58083,7824,Heather,Ortiz,(348) 906-7381,heather.ortiz@gmail.com,kM19-05608545,8.87
28211,1746,Bryan,Moore,(942) 223-8766,bmoore@icloud.com,lY92-70569700,9.46
99411,3891,Ashley,Castro,(727) 521-8736,ashleycastro@aol.com,YB05-85387900,4.6
13267,7674,Michael,Hoffman,(330) 093-4560,michael.hoffman@hotmail.com,tj56-68407899,17.43
73192,8130,Veronica,Orozco,(383) 328-9150,veronica_orozco@mail.com,eY49-01613317,9.71
32622,2486,Steven,Hale,(852) 866-0613,stevenhale@aol.com,cS53-72995914,24.97
46437,7150,Joseph,Paul,(567) 109-6042,joseph.paul@icloud.com,sJ88-82553657,7.03
96322,2407,Anthony,Martin,(766) 044-9377,anthony.martin@mail.com,HL59-45868208,23.28
36809,2861,Spencer,Stewart,(523) 296-1235,spencerstewart@icloud.com,KF69-34089885,22.75
34596,7262,Mike,Peterson,(360) 665-4967,mikepeterson@hotmail.com,so98-60521857,24.28
54989,7038,Edward,Mcpherson,(067) 599-6646,edwardmcpherson@gmail.com,Lu79-80140473,29.86
45254,4557,Caitlyn,Walker,(562) 269-7603,walkerc@aol.com,XN69-79114188,5.02
52017,9278,Gregory,Cain,(842) 323-4539,gcain@gmail.com,zG98-00948526,15.63
26298,7470,Jordan,Alvarado,(462) 707-6771,jordanalvarado@icloud.com,Ux01-78771924,16.7
77225,6073,Mia,Hutchinson,(421) 379-3815,mia.hutchinson@aol.com,XN59-74656539,2.67
34889,1315,Leslie,Maldonado,(794) 483-4396,leslie.maldonado@gmail.com,eG29-53942490,5.18
81400,7445,Angela,Thomas,(842) 973-5716,angelathomas@icloud.com,be13-16089565,12.75
19914,2163,Carrie,Morales,(404) 287-2519,carriemorales@gmail.com,Yx48-13728653,15.73
85976,2862,Samuel,Parsons,(430) 791-4592,parsonss@gmail.com,BN21-22765124,18.42
13741,7799,Pamela,Williams,(587) 364-8347,pwilliams@gmail.com,dF78-98463635,24.19
66024,3270,Richard,Perez,(788) 534-4129,perezr@hotmail.com,je82-48183430,27.56
88220,8130,Christopher,Mills,(794) 968-3088,christopher.mills@mail.com,rY64-45806462,21.1
96455,8298,Gregory,Smith,(401) 593-6211,gregory.smith@gmail.com,wE55-88528768,16.09
83101,4371,Laura,Barker,(779) 171-1297,laurabarker@aol.com,zC83-40862696,11.86
10059,8216,Charles,Johnson,(906) 525-4256,cjohnson@yahoo.com,TL10-37033613,3.02
53725,2897,Cody,Gardner,(845) 648-7436,cgardner@hotmail.com,HO53-18497469,4.73
56007,9331,Robin,Ortega,(096) 277-2898,robin_ortega@comcast.net,qs94-65387571,23.76
58625,9777,Michael,Gentry,(021) 362-3770,gentrym@hotmail.com,Yr66-62775515,16.4
48281,3930,Maurice,Barnett,(114) 626-8677,barnettm@gmail.com,hU99-23559953,27.51
71235,8785,Donald,Glover,(572) 654-1959,donald_glover@comcast.net,Pq72-33970878,11.95
76818,3556,Mark,Roy,(853) 406-7743,markroy@aol.com,KR12-44693512,24.88
18395,3198,Gail,Fuller,(017) 796-2963,gail.fuller@mail.com,zR58-87081605,25.73
49148,9331,Jennifer,Taylor,(369) 773-8076,jennifer.taylor@aol.com,ZN80-91069065,28.17
47446,6430,Linda,Howard,(919) 203-3030,linda.howard@icloud.com,vZ31-83110660,14.7
24630,4105,Gerald,Mullins,(432) 849-3599,gerald.mullins@gmail.com,nB45-12487993,10.28
75004,9397,Jose,Mills,(726) 881-7363,millsj@mail.com,BG15-44411319,21.36
80704,2524,Cynthia,Odonnell,(404) 567-9949,cynthiaodonnell@aol.com,Va72-97749580,10.52
10715,3556,Sylvia,Torres,(087) 684-0483,torress@mail.com,hm80-16558668,11.11
77322,8186,Christina,Day,(044) 998-0296,christina.day@icloud.com,po36-91642167,3.49
42421,3198,Alexander,Pearson,(503) 530-3820,alexander_pearson@mail.com,kz95-19129460,21.42
46451,8301,Ethan,Powell,(990) 940-7769,ethanpowell@aol.com,IA32-41956369,21.67
63873,3267,Lisa,Young,(337) 370-0376,lyoung@outlook.com,ze53-95412760,9.48
64536,9621,Lisa,Burke,(160) 104-3279,lisa.burke@aol.com,nZ02-58613836,7.77
29252,3891,Holly,Hale,(838) 447-5210,holly.hale@outlook.com,za20-59348998,19.36
42757,3698,Maria,Wade,(191) 093-2721,wadem@comcast.net,ER37-34413818,4.66
91698,3981,Melissa,Dean,(774) 615-6351,melissadean@gmail.com,HK39-42282841,2.02
62232,7445,Sarah,Mcfarland,(741) 832-6502,sarahmcfarland@hotmail.com,Zc73-94214851,18.22
66317,5620,Christina,Francis,(535) 875-9357,christinafrancis@icloud.com,nt42-63799249,21.68
41590,3735,Arthur,Arnold,(549) 722-2778,arnolda@mail.com,eu68-45068986,28.54
60311,2104,Brendan,Huber,(753) 021-2307,bhuber@comcast.net,cL12-00965743,19.1
42981,6803,Ryan,Guerra,(326) 802-1491,ryan_guerra@icloud.com,sQ85-93422263,6.49
40567,5674,Maria,Lopez,(507) 273-7237,lopezm@comcast.net,sv07-52298973,5.36
60664,2810,Emily,Dunn,(492) 812-1559,dunne@yahoo.com,us18-88019712,13.97
18169,8298,Andrea,Dean,(204) 980-8739,adean@gmail.com,US97-48214389,29.81
10496,6564,Kenneth,Jacobs,(063) 704-7503,kenneth_jacobs@mail.com,Mv94-44985536,18.74
20170,1207,Paul,Schroeder,(067) 333-4845,paul.schroeder@gmail.com,cO14-86678103,28.31
31632,5674,Mark,Little,(536) 133-4722,mark_little@gmail.com,LQ96-78703229,23.26
17945,6127,Rebecca,Morales,(698) 392-7358,moralesr@outlook.com,fc99-35659032,18.16
11454,8872,Steven,Perry,(700) 924-5634,steven.perry@outlook.com,lr48-25687911,6.3
21827,8780,Autumn,Mayo,(948) 667-1599,autumnmayo@icloud.com,nP49-77639152,20.4
61571,3447,Robert,Garrett,(706) 960-9753,robertgarrett@mail.com,OF48-45372914,29.71
22206,6060,Andrea,Martin,(612) 691-8922,andrea.martin@hotmail.com,UV65-01396658,28.41
90414,3447,Meredith,West,(203) 432-5060,mwest@outlook.com,IY85-86827041,23.37
70783,7784,Devon,Griffith,(088) 232-5109,devon_griffith@outlook.com,mR76-16780109,11.48
30496,8872,Jacob,Wilson,(887) 957-6429,jacob.wilson@gmail.com,nO72-25037010,23.99
12262,6339,Margaret,Montgomery,(985) 450-2861,margaret_montgomery@outlook.com,Uj11-06900240,21.3
95631,7627,Annette,Chavez,(498) 129-1618,annette_chavez@mail.com,Pu30-67851007,2.18
66832,6024,Kevin,Jacobs,(329) 353-5467,jacobsk@mail.com,gz95-86028740,23.13
32548,2733,Christopher,Santos,(157) 782-3701,christopher_santos@hotmail.com,Tp60-64313951,16.93
16863,1125,George,Combs,(338) 844-3383,combsg@gmail.com,Qc22-40535676,20.1
37331,7523,Mercedes,Bradley,(799) 282-9340,mercedes.bradley@hotmail.com,ej04-56406401,18.49
69370,3402,Kristin,Lucas,(271) 311-8364,klucas@aol.com,GJ21-59160166,19.49
74242,2829,Pamela,Rodriguez,(862) 890-6455,prodriguez@outlook.com,cm81-96098589,29.42
61590,1518,Dennis,Morrison,(554) 699-2695,dennismorrison@outlook.com,vf44-54330875,11.48
34756,6803,Jennifer,Torres,(912) 073-3710,jtorres@yahoo.com,Ea46-17883024,5.33
48350,8274,Michelle,Blackburn,(655) 471-1231,mblackburn@gmail.com,cu82-17717660,10.11
14675,2986,Jose,Hayden,(301) 310-3341,haydenj@gmail.com,qD66-87644412,4.83
33904,9993,Erica,Torres,(978) 938-2316,erica.torres@comcast.net,xA44-71068139,11.12
15409,5003,Sheri,Flowers,(517) 631-0770,sheriflowers@icloud.com,jW07-32798303,6.88
60592,8785,Sheena,Berry,(260) 910-7858,berrys@mail.com,Hm52-56651735,29.26
23011,3735,Christian,Castro,(186) 328-8218,ccastro@hotmail.com,FP47-87295565,15.96
48868,2707,Brenda,Gillespie,(343) 046-2596,gillespieb@aol.com,Yk03-89302348,18.39
75389,5317,Grace,Payne,(139) 023-1911,gpayne@mail.com,Jj78-24352284,17.79
15488,6331,Sara,Willis,(023) 597-4920,williss@hotmail.com,FL10-34009098,26.0
45133,2163,Stefanie,Ramos,(147) 055-0277,stefanieramos@gmail.com,YS41-21144618,2.34
89840,2407,Sarah,Khan,(855) 356-9783,khans@icloud.com,DJ52-29511037,6.83
16068,8120,Kevin,Flores,(185) 533-6606,kflores@gmail.com,Vx92-26459713,6.08
86076,8301,Kristin,Sanders,(563) 187-6667,kristin.sanders@comcast.net,mt99-86596094,7.52
85491,6868,Sharon,Cain,(081) 603-3070,sharon.cain@comcast.net,Ge57-62904804,9.08
45911,3078,Madeline,Wells,(073) 128-3567,madelinewells@outlook.com,nL64-41828570,29.33
22443,7246,Michael,Nichols,(918) 689-3679,michael_nichols@outlook.com,gn93-12213098,18.62
81460,9926,David,Moore,(444) 338-5154,davidmoore@mail.com,ze69-63203742,27.5
81665,6917,Alexis,Ware,(680) 715-7065,warea@yahoo.com,tK54-05078093,22.87
61579,7134,Catherine,Dunlap,(941) 262-5459,catherinedunlap@gmail.com,OG67-88672455,27.75
38046,2275,Cynthia,Harris,(357) 027-7076,cynthia.harris@gmail.com,lQ76-02876995,22.73
14380,9552,Jeff,Aguilar,(170) 030-3957,jeff_aguilar@comcast.net,kh04-62242512,6.78
22779,3556,Kimberly,Washington,(939) 392-7557,kwashington@mail.com,XA13-33393460,6.61
56749,2623,Matthew,Wiggins,(666) 500-9637,matthew_wiggins@aol.com,gZ16-96143430,8.62
25288,4105,Donna,Ortega,(031) 954-9064,donnaortega@aol.com,Xo54-08520564,1.25
73753,2025,Judith,King,(675) 552-4976,jking@gmail.com,bI69-19370011,15.81
16492,1518,Paula,Kidd,(116) 059-4612,paulakidd@comcast.net,mK97-09248253,1.11
36838,2325,Patrick,Simon,(974) 036-7083,patricksimon@outlook.com,Xo29-43820464,29.18
36787,5296,Danielle,Anthony,(254) 799-6529,danielleanthony@mail.com,GU56-76340517,10.09
11646,4557,Aaron,Campbell,(985) 866-2159,acampbell@outlook.com,wF69-49080474,24.32
22347,5960,Jason,Ward,(897) 756-1130,jward@hotmail.com,vh02-18986162,21.96
17754,6868,Latoya,Gaines,(161) 091-7836,lgaines@aol.com,Bu96-77060518,29.76
39864,4557,Teresa,Cohen,(377) 534-4171,teresacohen@comcast.net,RC13-09823298,15.16
50313,7799,Dustin,Wright,(966) 356-2998,dwright@hotmail.com,Pe35-47666223,23.79
66370,3926,James,Marshall,(629) 097-4032,marshallj@outlook.com,hq90-19634253,8.65
57107,5884,Brandon,Rowe,(160) 134-4197,browe@outlook.com,Vx56-21753376,18.9
18333,3981,Shane,Rivera,(381) 336-8383,shanerivera@icloud.com,Zk95-61531451,14.98
27290,6564,Amanda,Coleman,(907) 869-3360,amanda_coleman@mail.com,ng98-97538105,10.92
52136,5107,Joseph,Larson,(616) 212-5185,joseph.larson@mail.com,pi42-77504458,24.47
75256,3404,Maria,Conley,(034) 146-9233,mariaconley@hotmail.com,Kw87-27743023,23.78
74840,1824,Austin,Brown,(093) 777-8051,browna@icloud.com,xF31-65351955,25.62
16128,3447,Laurie,Ochoa,(265) 683-7504,lochoa@aol.com,Dm05-24094363,2.35
29659,2623,Nicole,Davis,(853) 572-9104,nicole.davis@mail.com,Yv41-44063628,15.72
80260,6127,Travis,Stewart,(196) 861-5542,travisstewart@gmail.com,UY20-88831934,28.08
94535,5588,Raven,Scott,(140) 251-4539,rscott@yahoo.com,Zp03-28100205,22.28
16164,9331,Kimberly,Pacheco,(131) 590-0828,kimberly.pacheco@yahoo.com,rD53-37054345,1.25
50687,2869,Laura,Freeman,(578) 606-1466,lfreeman@outlook.com,Ze60-33369391,1.91
96347,7398,Victor,Mitchell,(384) 980-1632,victormitchell@icloud.com,Xf21-74994921,29.38
77995,4557,Teresa,Austin,(951) 222-6181,austint@icloud.com,Ge21-03683772,5.05
24215,8419,Brian,West,(080) 509-4290,brian.west@gmail.com,Bn40-19877315,13.33
90043,9788,Briana,Cisneros,(982) 908-7631,brianacisneros@outlook.com,BM08-89107326,8.58
70751,4162,Julie,Jones,(697) 531-2802,jonesj@mail.com,Sz98-36506320,29.08
32851,8419,Thomas,Montgomery,(722) 154-9494,thomas.montgomery@hotmail.com,gt91-08521431,2.54
51036,2325,Brandy,Castaneda,(771) 643-6335,brandy_castaneda@icloud.com,lP58-63910980,18.75
10917,6567,Karen,Rodriguez,(846) 561-1924,karenrodriguez@hotmail.com,FL80-09822754,22.14
67754,3198,Thomas,Washington,(196) 097-5550,thomas.washington@hotmail.com,FD75-62724897,3.85
96601,2529,Jared,Avila,(389) 907-1687,jared_avila@mail.com,wx93-68959260,18.47
18419,1992,Stacey,Jackson,(702) 078-9853,jacksons@hotmail.com,cJ52-50674120,21.86
89807,1992,Bryan,Ramirez,(304) 079-6384,ramirezb@mail.com,jz37-84032195,3.48
74891,8120,Tiffany,Brown,(088) 465-8394,tiffanybrown@yahoo.com,EY73-41554225,24.28
87024,3402,Alicia,Booker,(429) 724-7383,alicia_booker@aol.com,pS99-11443924,29.42
34849,7150,Robert,Craig,(225) 888-2877,rcraig@mail.com,cW27-26839877,22.45
29957,3270,Nicholas,Hansen,(038) 603-3463,hansenn@icloud.com,tt73-45309363,17.92
79699,7619,Katherine,Williams,(236) 376-1485,katherine_williams@aol.com,AE82-82354677,28.93
52278,1926,Lindsay,Barrera,(138) 640-2530,barreral@comcast.net,VI56-18212383,28.67
84862,2997,Ronald,Hayes,(802) 474-8877,ronald.hayes@gmail.com,jT84-58638655,28.15
57799,3404,Kimberly,Andrews,(264) 775-6719,andrewsk@hotmail.com,KV45-23531450,18.5
87609,8588,Bradley,Brown,(697) 631-3121,bradley_brown@aol.com,LO96-60552744,15.94
66023,2897,Kyle,Cross,(345) 907-4178,kcross@mail.com,pM73-23908432,5.66
67285,6073,Jenna,Rodriguez,(853) 471-3221,jenna_rodriguez@yahoo.com,rs56-33456706,24.75
90811,6073,Matthew,Graves,(496) 095-7215,matthewgraves@mail.com,KD13-66060571,3.66
20157,2869,Charles,Martinez,(729) 098-8426,charlesmartinez@aol.com,Aw57-40657932,10.85
16297,6430,Cole,Jones,(166) 900-5326,cjones@hotmail.com,DY02-60828049,2.16
28621,5620,Bruce,Bonilla,(908) 808-4042,bbonilla@mail.com,sR40-41589961,23.17
79295,5317,Christopher,Pope,(285) 901-1695,christopher.pope@mail.com,XK64-80845810,19.43
42722,1755,Meghan,Chandler,(812) 526-2060,meghan.chandler@icloud.com,Dp54-42502411,27.65
81737,7577,Brandon,Gonzalez,(973) 867-7185,gonzalezb@icloud.com,Ir05-77415091,22.56
23441,7443,Jason,Washington,(586) 035-4507,jason.washington@icloud.com,YH45-69789801,19.3
68218,3322,Curtis,Allen,(746) 347-2624,curtisallen@comcast.net,LF88-92974028,17.95
46005,8298,Nicole,Tucker,(824) 747-2063,nicoletucker@aol.com,uX03-74937240,28.05
35197,2897,Heather,Robinson,(102) 241-5033,hrobinson@comcast.net,EN80-13366435,6.15
41303,5335,Michael,Carson,(893) 283-3545,michael.carson@comcast.net,RZ79-95883345,12.09
75292,1708,Lisa,Wright,(213) 780-3641,lisa.wright@icloud.com,hL56-05507455,27.17
27017,8293,Julie,Dalton,(482) 320-3676,julie.dalton@gmail.com,OG79-69083408,29.27
53004,4258,Daniel,Smith,(808) 133-1024,dsmith@yahoo.com,Nw73-14055171,17.5
54458,9788,Catherine,Hernandez,(364) 217-5837,hernandezc@aol.com,kQ35-29755890,18.93
66126,6567,Joe,Martinez,(060) 685-7884,joe.martinez@icloud.com,mA25-89545886,12.81
76201,6700,Ricky,Ponce,(552) 158-2749,ricky.ponce@hotmail.com,Bj34-51877020,21.62
88612,9258,Melanie,Hill,(851) 799-6843,melanie_hill@mail.com,oR13-93264219,5.55
97625,6219,Kristen,Campbell,(414) 121-4646,kristen_campbell@mail.com,oO85-91026225,3.59
71681,1030,Jessica,Wilson,(042) 242-6490,jessica_wilson@aol.com,SA93-23385932,17.68
57545,7227,Anna,Baker,(503) 825-4258,annabaker@mail.com,ig73-31927531,1.85
52655,3404,Paul,Schmidt,(805) 082-7644,paul.schmidt@mail.com,iE83-29034940,26.67
76514,6991,Alicia,Hughes,(204) 325-6747,alicia.hughes@aol.com,Om90-78754767,3.5
64091,1824,Lindsay,Daniels,(745) 674-5108,lindsaydaniels@comcast.net,BV70-07692490,11.87
13094,1425,Stacy,Harmon,(402) 802-1884,stacyharmon@outlook.com,Rz60-20995663,24.52
65148,1824,Jodi,Jackson,(862) 044-1826,jodi_jackson@mail.com,lT45-53306201,18.68
52561,3078,Amy,Russell,(369) 766-8498,amy_russell@mail.com,nO02-80375689,15.11
11397,8005,Amy,Ford,(326) 535-5510,amy_ford@yahoo.com,YO17-36061572,29.82
63769,6564,Andrew,Villanueva,(296) 510-4293,andrew.villanueva@hotmail.com,CT03-42883982,26.09
97064,8419,Amy,Reynolds,(241) 186-0517,amy_reynolds@outlook.com,Yj90-44563207,3.72
98808,2623,Diane,Hays,(638) 899-3988,haysd@hotmail.com,ts01-61276322,3.09
81530,3198,James,Smith,(836) 698-4105,jamessmith@mail.com,EV58-31475513,15.43
32945,7134,Kathryn,Mckenzie,(512) 450-3187,mckenziek@gmail.com,bU08-62304348,1.92
62506,2861,Kathy,Hicks,(099) 029-7140,khicks@mail.com,dg90-19782550,5.06
38285,6024,Kimberly,Clark,(653) 746-4306,kimberly_clark@gmail.com,SZ89-12787926,8.68
83199,2025,Wendy,Solis,(961) 554-9885,wendy_solis@yahoo.com,Bx73-31367883,10.16
84462,8419,Janet,Bennett,(206) 370-3358,janetbennett@icloud.com,Yj31-95522478,18.77
25054,2524,Monica,Ellis,(389) 069-1351,monica.ellis@gmail.com,yb53-56019009,16.83
41526,2486,Deborah,Rivera,(096) 995-2021,deborah_rivera@outlook.com,vD78-32031700,7.02
97905,2905,David,Powell,(629) 670-8414,david.powell@comcast.net,Sd09-33072422,4.17
48316,9788,Brandi,Peterson,(012) 217-2461,brandi_peterson@comcast.net,VO80-48467060,17.93
64326,6567,James,Lindsey,(470) 758-7047,jameslindsey@outlook.com,Pl47-95386873,22.7
18046,8301,Tara,Mejia,(556) 377-5254,mejiat@gmail.com,Yp80-65136109,26.88
28880,6370,Hannah,Johnson,(635) 593-1879,johnsonh@outlook.com,qc05-36698389,1.81
26349,1518,Teresa,Moore,(979) 369-0256,teresa_moore@icloud.com,bZ72-50447902,11.94
27484,7443,Jeff,Pratt,(392) 311-7615,jeff_pratt@yahoo.com,wv85-42561062,5.8
69921,2829,Carrie,Phillips,(870) 894-0846,phillipsc@gmail.com,Og64-22920732,9.77
56898,1992,Tina,Barr,(911) 567-2075,barrt@hotmail.com,NX89-89010223,22.9
19964,7262,Marc,Thompson,(850) 848-4863,mthompson@comcast.net,lj28-08614450,16.84
67523,5674,David,Morrison,(572) 906-8183,david_morrison@icloud.com,qg11-85855483,11.26
95630,5317,Meghan,Rodriguez,(642) 292-3139,rodriguezm@gmail.com,bq39-39558228,21.22
94016,7724,Richard,Peterson,(755) 237-2004,petersonr@hotmail.com,vP57-21049495,28.63
68830,6339,Jill,Hanson,(971) 916-0493,hansonj@comcast.net,id50-64793232,12.61
90215,9684,Heather,Walker,(246) 107-9547,heather_walker@icloud.com,xp99-32531500,24.74
90905,5296,Eric,James,(952) 403-5570,eric_james@gmail.com,Pm70-00731644,13.44
98745,6370,Christina,Dillon,(120) 819-5757,christina_dillon@gmail.com,zs35-16907078,15.17
88262,2986,Carla,Levine,(080) 522-6250,carlalevine@hotmail.com,kD20-38146257,3.85
91385,2943,Jessica,Doyle,(889) 730-3223,jdoyle@comcast.net,ew14-29167931,3.34
80172,2275,Cody,Sharp,(189) 438-5279,cody_sharp@yahoo.com,ur11-24078303,2.95
90430,4499,Jeremy,Schneider,(929) 978-2442,jeremyschneider@icloud.com,Ac82-31934158,19.2
62761,7977,James,Boyd,(545) 028-1445,james.boyd@gmail.com,tN54-93405460,15.9
73733,7215,Ashley,Wilson,(387) 572-1126,ashley_wilson@gmail.com,nG01-96841988,26.89
59324,1662,Johnathan,Castillo,(079) 503-4639,jcastillo@hotmail.com,nH77-82102590,29.64
92256,9800,Sandra,Henderson,(856) 522-2811,shenderson@icloud.com,Mm19-19909448,21.11
10548,6073,Samantha,Grant,(768) 124-4451,samantha.grant@gmail.com,cG99-59390580,11.11
80792,3402,Shelly,Preston,(909) 189-2286,shelly_preston@icloud.com,On53-37900400,15.9
11009,8588,Michael,Hale,(012) 858-4782,michaelhale@outlook.com,kF34-27036884,2.81
43498,8196,Jacob,Smith,(635) 467-9405,jacobsmith@mail.com,dX82-28849939,5.42
20163,9101,Nicole,Jensen,(492) 700-7333,njensen@icloud.com,pT61-84852752,5.72
22543,2163,Sarah,Ross,(398) 195-3179,sross@aol.com,Za18-77649323,24.15
43458,7445,Robert,Jenkins,(954) 478-9140,rjenkins@mail.com,Ug70-30221128,16.34
34122,5960,Allison,Gonzalez,(093) 689-2282,gonzaleza@yahoo.com,BE26-11815753,11.0
85111,3078,Patrick,Peterson,(189) 579-7464,patrick.peterson@icloud.com,kY78-99219022,6.64
74105,8120,Gary,Smith,(345) 536-8479,gary.smith@outlook.com,sU04-26194199,17.69
56708,7445,Lori,Hill,(195) 271-6064,lori.hill@icloud.com,MX68-60644991,17.17
74716,2163,Cameron,Palmer,(771) 004-1927,cameronpalmer@comcast.net,OK92-04802452,23.1
97722,1430,Mitchell,Nunez,(513) 234-4084,mitchellnunez@comcast.net,CJ70-53129312,23.69
29852,7170,Daniel,Johnston,(190) 668-4586,danieljohnston@gmail.com,UJ98-16782448,23.88
61342,7227,Joseph,Riley,(395) 456-5600,joseph_riley@comcast.net,xp33-24059904,4.64
20292,3981,Joe,Rosales,(286) 537-8218,joe_rosales@outlook.com,vc57-27399942,1.68
11109,3198,Kyle,Rogers,(581) 769-7223,kyle_rogers@hotmail.com,qI16-79626434,2.35
38726,7443,Kathy,Perez,(767) 739-3812,kathy.perez@comcast.net,GY07-99489792,29.92
69322,2506,Gabriela,Rodriguez,(965) 869-0291,grodriguez@mail.com,Iv79-82160177,26.29
85890,7445,Molly,Taylor,(045) 937-1774,molly.taylor@comcast.net,wX58-16646981,17.47
10922,1580,Raymond,Glover,(793) 869-4001,raymondglover@outlook.com,MZ45-32848907,12.51
32618,1518,Kristina,Barker,(615) 781-5906,kristina.barker@mail.com,IZ98-49024954,10.82
86969,6060,Calvin,Mercer,(015) 458-3500,calvin.mercer@hotmail.com,Dz79-65936057,5.61
36528,7993,Mark,Christensen,(232) 647-3934,markchristensen@icloud.com,cs81-50989430,19.13
30774,2325,Aaron,Stuart,(181) 858-0214,aaron_stuart@icloud.com,rl69-60255701,13.42
62145,1926,Laura,Butler,(206) 647-8649,laura.butler@outlook.com,ZP77-71013711,27.89
68333,7227,Heather,Yu,(357) 851-9248,heather.yu@hotmail.com,Kd34-53620229,13.64
29057,5674,Kristin,Moses,(403) 557-6755,mosesk@comcast.net,TM55-10385297,7.02
85165,2810,Crystal,Wolfe,(768) 813-0964,cwolfe@comcast.net,xY29-07314694,4.14
95596,7038,Cynthia,Church,(177) 104-7572,cynthiachurch@aol.com,JA11-94431076,21.86
55037,7977,Micheal,Cook,(664) 817-2234,michealcook@yahoo.com,oY13-79647671,16.27
78778,2733,Adam,Crawford,(059) 282-7131,crawforda@aol.com,cf15-46356006,12.12
20476,8130,Tammy,Mitchell,(245) 705-8022,tammy.mitchell@yahoo.com,kR91-26819430,12.84
48605,6917,Heather,Jones,(715) 206-1236,heather.jones@hotmail.com,kf17-45608303,20.91
31949,7523,Brett,Lutz,(445) 235-7089,blutz@gmail.com,mg68-93329430,4.61
37334,8780,William,Williams,(891) 732-7689,william_williams@gmail.com,Vy79-85803232,23.61
33354,7799,John,Rhodes,(566) 902-5747,rhodesj@aol.com,gL64-87897368,6.3
69936,2529,Jasmine,Hubbard,(199) 776-2991,jasminehubbard@mail.com,Hm08-90857834,12.0
98394,2062,William,Robinson,(068) 148-5017,williamrobinson@comcast.net,Uu05-47379412,7.23
32238,9101,Christopher,Brown,(719) 680-8300,cbrown@yahoo.com,DB53-51993066,27.38
72655,7724,Ellen,Sanchez,(354) 495-1137,esanchez@comcast.net,sY15-98398709,20.27
71574,4105,Jonathan,Mitchell,(421) 372-7304,jmitchell@gmail.com,Mw15-04428975,1.89
85715,8087,Edgar,Sexton,(788) 489-0244,esexton@outlook.com,jT92-38867994,1.65
71819,9101,Jason,Bryant,(678) 336-5814,jason_bryant@gmail.com,vI57-23731161,21.6
80674,1867,Kathleen,Cannon,(243) 357-6535,kcannon@hotmail.com,ku52-76612563,15.76
57398,3322,Amy,Lane,(012) 414-0346,amylane@aol.com,iK73-98180405,23.5
62029,8872,Matthew,Montgomery,(077) 269-7338,mmontgomery@outlook.com,fk12-71801803,27.19
36364,5335,Jaclyn,Delgado,(358) 869-5295,jaclyn_delgado@icloud.com,ao45-28468609,24.68
29160,9258,Jeffrey,Hamilton,(301) 466-3381,jhamilton@outlook.com,jU09-71670014,2.3
78461,6868,Jordan,Lopez,(830) 026-5924,jlopez@gmail.com,BA01-31270290,11.7
20209,2861,Linda,Garcia,(950) 689-8046,lindagarcia@aol.com,us19-02900274,25.1
57656,6255,Christine,Nichols,(354) 284-4550,christinenichols@mail.com,Ac30-62799439,16.97
76259,8005,Scott,Chavez,(659) 900-7551,scott_chavez@icloud.com,UT43-88286651,21.72
43632,2997,David,Reynolds,(564) 995-9682,reynoldsd@mail.com,Ra25-78207604,6.56
59425,4162,Angel,Nguyen,(920) 655-0081,nguyena@comcast.net,ES80-78053902,14.58
59611,4495,Timothy,Jackson,(342) 687-3601,timothyjackson@icloud.com,Ga40-18798879,28.96
47118,5003,Thomas,Smith,(535) 184-9714,thomassmith@yahoo.com,mz72-56308163,15.88
31188,2325,Courtney,James,(765) 556-2046,courtney_james@gmail.com,NY25-93232694,6.92
88928,7038,Deborah,Thomas,(465) 320-9652,dthomas@outlook.com,mY16-64150386,3.36
73006,8780,Jamie,Black,(030) 883-3568,jamie_black@gmail.com,lG92-81685746,9.94
79703,5674,Anna,Hooper,(713) 399-4809,hoopera@comcast.net,Bo21-25376573,5.03
83176,1580,Wendy,Michael,(325) 985-2038,wendy_michael@comcast.net,KN07-22224721,6.14
20400,3698,Christine,Holland,(086) 593-9695,christineholland@mail.com,Uq45-01989400,8.58
17254,4557,Nicole,Bell,(031) 752-7537,belln@aol.com,sZ89-33237645,9.87
91973,2524,Brent,Reilly,(674) 755-6196,reillyb@mail.com,XY55-44161161,26.73
53534,4495,Amy,Miller,(467) 070-0706,amymiller@yahoo.com,rg82-26865253,16.41
89072,2869,Catherine,Watson,(396) 770-4634,cwatson@hotmail.com,We30-41626199,2.12
82464,6567,Tonya,Jordan,(428) 023-9759,tonya.jordan@comcast.net,LI96-87072721,22.04
19728,4253,Steven,Horn,(548) 666-6565,stevenhorn@hotmail.com,UF54-86410472,17.51
31914,9743,Angelica,Martinez,(658) 867-3532,angelicamartinez@hotmail.com,lG21-39522929,9.07
26741,6370,Bianca,Edwards,(060) 895-2605,bianca_edwards@gmail.com,CU24-71170481,24.51
35488,2829,Lisa,Barnett,(125) 935-5765,lisabarnett@yahoo.com,pE42-81065265,15.28
27593,6167,Pamela,Park,(728) 665-1520,pamelapark@gmail.com,ec64-26503463,17.12
86246,1580,Jared,Allen,(268) 535-7844,jallen@mail.com,Xm56-17998711,8.43
43348,3447,Kayla,Vaughn,(130) 276-3149,vaughnk@comcast.net,eB59-35444459,4.36
68438,7977,Richard,Griffin,(087) 996-7123,rgriffin@icloud.com,XL67-06297090,13.76
48141,2905,Rachel,Williams,(526) 937-4265,williamsr@gmail.com,mA22-88919331,12.33
12964,6991,Justin,Crawford,(858) 759-8099,jcrawford@aol.com,Wf31-14832198,24.98
15097,2997,Nicholas,Smith,(152) 068-6197,nicholas.smith@comcast.net,zy77-17437074,25.37
69166,3836,Rachael,West,(077) 661-9576,westr@aol.com,Bf32-12513742,18.65
44244,7577,Denise,Hale,(388) 571-2842,denise_hale@mail.com,Be96-62344228,28.99
60929,5335,Katrina,Young,(180) 800-3431,katrina.young@mail.com,Jw13-60210402,3.69
34284,1906,Barry,Osborn,(769) 128-2560,barryosborn@outlook.com,AZ55-90571240,23.75
55403,2529,Lindsay,Bell,(443) 179-7739,lindsay_bell@icloud.com,My54-90404406,20.88
54048,6073,Calvin,Simmons,(946) 913-8672,calvin_simmons@mail.com,Ht31-07537250,21.71
81566,3764,Nancy,Hicks,(324) 899-4384,nhicks@aol.com,aI36-91153040,7.78
88035,6417,Aaron,Choi,(594) 959-0371,aaron_choi@aol.com,XD33-45968404,8.31
51024,8437,Luke,Knight,(753) 733-4167,luke_knight@aol.com,RH00-91286415,8.84
94188,4258,Carrie,Thomas,(904) 871-4817,carriethomas@mail.com,gl89-59579545,14.89
51885,7445,Natalie,Flores,(407) 046-5960,natalie_flores@outlook.com,Ne28-44838695,1.99
79500,6700,Alyssa,Brown,(352) 365-0654,alyssa.brown@hotmail.com,Jn86-05548929,23.93
92793,2905,Nancy,Rose,(102) 542-2102,nrose@hotmail.com,qD42-61191676,13.77
61711,5790,Carlos,Hines,(106) 254-1703,carlos_hines@yahoo.com,uD28-23097239,17.11
47982,1755,Robert,Mitchell,(505) 670-5262,robertmitchell@outlook.com,VA97-80222401,18.94
97715,9743,Christopher,Martin,(742) 889-8792,martinc@aol.com,jx46-74273534,18.72
44491,3999,Phillip,Foster,(763) 616-5584,phillip_foster@mail.com,pJ05-76657397,5.75
98073,8120,Shawn,Perez,(881) 838-5909,shawn.perez@mail.com,yE95-76175327,22.91
14438,7724,Jennifer,Aguilar,(147) 271-0402,jenniferaguilar@aol.com,tH18-07986352,16.04
64675,8274,Steven,Hughes,(115) 025-1171,steven_hughes@comcast.net,dQ78-66855556,16.39
79956,4327,Kevin,Cole,(110) 394-9350,kcole@aol.com,rp16-23448767,6.29
69134,6803,Carlos,Vance,(914) 493-7622,carlos.vance@hotmail.com,GJ39-94896885,2.88
71217,2986,Mark,Barrett,(502) 946-5402,barrettm@aol.com,KK13-82367260,25.75
36563,8981,Tonya,Turner,(040) 458-4352,tonyaturner@yahoo.com,MP88-35120396,14.34
71599,7246,Thomas,Johnson,(300) 872-9983,johnsont@aol.com,ui11-45584724,24.19
65212,1518,Anthony,Mcdowell,(523) 807-7122,mcdowella@aol.com,bE05-83903533,2.01
50542,4105,Tiffany,Martinez,(302) 953-3497,tmartinez@aol.com,eI79-53481112,13.76
80612,6417,Adam,Williamson,(818) 560-8232,adamwilliamson@hotmail.com,jc20-97117953,5.78
54100,1867,Joseph,Lewis,(280) 005-9041,joseph.lewis@gmail.com,yE84-17560081,1.76
48013,4011,William,Shepherd,(290) 347-6739,wshepherd@hotmail.com,JB25-71681424,26.92
99016,5846,Elizabeth,Chaney,(882) 541-3423,elizabeth.chaney@hotmail.com,kg71-52691675,14.27
63235,3930,Michael,Stewart,(710) 615-9274,michael_stewart@mail.com,fb98-10152750,3.12
40201,1708,Angela,Kelly,(078) 454-2566,angela_kelly@comcast.net,nf95-74449952,20.77
60970,6255,Beverly,Cameron,(475) 430-4357,cameronb@comcast.net,pH42-56113997,21.47
14083,6579,Savannah,Bryant,(411) 829-2503,savannahbryant@gmail.com,Hj78-92448932,3.98
49488,8216,Brianna,Eaton,(537) 556-5540,briannaeaton@hotmail.com,YH68-58175956,24.45
72374,6672,Angela,Young,(578) 586-9077,angelayoung@outlook.com,cy37-42637548,20.15
16171,2623,Christopher,Gonzalez,(005) 195-7604,cgonzalez@aol.com,ZH56-68142417,29.28
98605,1926,Danielle,Gonzales,(890) 367-7182,gonzalesd@hotmail.com,Ly71-97328256,17.32
20324,4231,Patricia,Griffin,(800) 493-7197,patriciagriffin@hotmail.com,zv46-35850763,23.6
90339,7993,Michael,Hernandez,(803) 316-5664,hernandezm@outlook.com,kV51-26076967,18.83
27966,8087,Steve,Williams,(895) 500-1348,stevewilliams@icloud.com,GI05-68281808,1.41
59295,7038,Monica,Reyes,(745) 813-5618,reyesm@icloud.com,Cl81-00788888,24.01
79349,8298,Austin,Johnson,(009) 844-0684,austinjohnson@outlook.com,nJ65-65514989,7.78
98497,8274,Edwin,Thompson,(176) 655-7826,thompsone@hotmail.com,gq36-10645791,22.8
65800,1580,Theresa,James,(970) 274-1037,jamest@aol.com,hj09-30214636,21.85
25906,6991,Raymond,Evans,(324) 933-7182,revans@aol.com,Ig05-26658699,10.08
15534,3891,Gordon,Harmon,(091) 074-4429,gordonharmon@yahoo.com,VR64-53940118,11.78
14753,2506,Zachary,Gardner,(182) 436-8798,zachary_gardner@aol.com,ow56-68336904,27.99
49270,2968,Carol,Williamson,(077) 789-5675,williamsonc@gmail.com,UF48-65491022,25.25
24639,9993,Maureen,Rose,(589) 641-3605,rosem@comcast.net,oN16-90727490,6.83
66600,6417,Thomas,Waller,(485) 506-6417,thomas_waller@yahoo.com,iz55-93529025,23.69
52146,5563,William,King,(896) 377-7283,william_king@mail.com,XD21-37873910,12.98
24886,2968,Robert,Williams,(244) 633-1092,robert_williams@comcast.net,cL95-79508302,17.96
86363,9621,Jessica,Reyes,(909) 605-0137,jessica.reyes@outlook.com,nY79-07518948,13.4
73183,7262,Joan,Chavez,(012) 762-1558,chavezj@outlook.com,SS11-58735290,25.19
14080,9258,Karen,Wilson,(057) 090-3292,wilsonk@hotmail.com,VZ82-99599393,22.49
49724,1425,James,Cruz,(911) 546-4190,cruzj@comcast.net,nP91-28939628,15.66
73916,8419,Monica,Campbell,(863) 615-1538,monicacampbell@gmail.com,rb92-79948654,3.7
71972,8780,David,Mason,(599) 638-1570,david.mason@icloud.com,AM70-27857036,8.48
64783,9621,Deborah,Bradshaw,(413) 767-1144,dbradshaw@icloud.com,Ni46-52807779,6.88
52050,2743,Dawn,Collier,(476) 775-0496,dawn_collier@icloud.com,Aq31-44273637,4.06
82869,2733,Marco,Bruce,(544) 472-1155,marco_bruce@hotmail.com,Yc70-50548988,7.43
50172,2678,Aaron,Parker,(694) 471-6015,aaron_parker@outlook.com,rt60-41620706,12.52
29014,8274,Thomas,Reid,(425) 861-5092,thomas_reid@aol.com,cf68-98299203,24.17
12758,2810,Lauren,Love,(811) 307-7297,lovel@hotmail.com,zD85-20751712,29.41
27822,7903,Michael,Wright,(373) 536-3670,michael.wright@yahoo.com,xC88-75631282,23.27
42380,2897,Anthony,Pierce,(158) 846-9127,anthony_pierce@outlook.com,FU29-84930425,17.17
84975,6917,Benjamin,Barrera,(545) 405-4385,benjamin_barrera@aol.com,Vg04-33916955,9.39
91232,2319,Deanna,Roberts,(891) 369-7395,droberts@hotmail.com,MC36-32244011,17.86
54992,5579,Maureen,Gould,(870) 713-5452,maureen_gould@yahoo.com,EQ53-90099790,23.62
45110,2905,Brandon,Vasquez,(504) 321-7662,bvasquez@hotmail.com,al14-98137384,18.73
27726,6127,Steven,Matthews,(088) 945-4316,steven.matthews@gmail.com,jx17-13406443,13.79
58250,9993,Kristina,Banks,(408) 542-7716,banksk@hotmail.com,Og60-85403199,28.75
86492,3488,Steven,Davis,(002) 123-6143,daviss@comcast.net,xN95-27471782,25.46
99926,6370,Jeffrey,Jones,(712) 896-6986,jeffrey.jones@outlook.com,Bd61-64676065,3.89
34052,1867,Frank,Bell,(543) 092-7611,bellf@comcast.net,ZR21-89820517,27.51
97553,5317,Rebecca,Myers,(704) 239-6465,myersr@mail.com,CG73-35909748,23.38
17921,1430,Denise,Horne,(782) 428-1035,horned@aol.com,hq43-15254504,13.56
97221,5107,Evelyn,Martinez,(265) 123-3973,martineze@hotmail.com,qQ50-99053636,6.48
87459,8120,Kathryn,Patel,(893) 241-7213,kathryn.patel@hotmail.com,na08-87154739,1.36
38169,2678,John,Valentine,(773) 316-6897,valentinej@icloud.com,aM44-47321767,3.74
19121,8087,Jordan,Guzman,(723) 576-6409,jordan_guzman@gmail.com,Zn43-29664166,29.52
60703,3322,Jessica,Short,(350) 391-4273,shortj@gmail.com,vM83-02837961,29.21
41220,6567,Luis,Hicks,(319) 118-9607,luis.hicks@aol.com,cC27-44339385,14.65
55554,1926,Alicia,Coleman,(399) 294-6503,colemana@hotmail.com,ub17-61002706,19.14
14931,5674,Leah,Campos,(828) 487-6584,leahcampos@yahoo.com,Ys56-63175472,15.56
39640,9926,Kenneth,Rodriguez,(654) 745-4648,kennethrodriguez@icloud.com,XQ22-91198460,18.5
12356,1824,Mark,Peters,(295) 688-9985,mpeters@comcast.net,Lw71-72373256,18.0
70927,3926,Cynthia,Yang,(535) 393-3098,cyang@yahoo.com,bV71-60694788,23.84
78907,7227,Scott,Sparks,(936) 333-6840,scottsparks@gmail.com,EQ82-30292094,6.42
89451,2407,Christopher,Brooks,(341) 071-2320,brooksc@yahoo.com,XX10-97275162,16.27
13107,3764,Mary,Wells,(188) 538-5424,mwells@comcast.net,tU22-87452594,6.17
72011,8437,Felicia,Yates,(776) 071-5355,felicia.yates@aol.com,LM60-97388082,11.52
53286,1755,Jessica,Grant,(339) 917-9556,grantj@icloud.com,cZ70-36136402,1.32
40903,1207,Evan,Evans,(534) 620-5582,evan.evans@outlook.com,py10-31528190,26.0
20804,1906,Ashley,Duncan,(296) 293-6257,ashley_duncan@gmail.com,AI56-96683424,13.94
16136,2822,George,Valdez,(557) 873-3467,valdezg@gmail.com,VI10-20332138,23.49
37829,3698,Ronald,Watson,(894) 497-7164,ronald.watson@outlook.com,ON85-93073940,4.33
59315,6024,Mary,Warren,(742) 988-8413,warrenm@mail.com,lx59-64135763,12.2
36803,6868,Kristina,Caldwell,(819) 853-1310,kristina.caldwell@gmail.com,pT60-52328930,18.05
71149,8120,Jane,Campbell,(464) 918-7914,jane_campbell@aol.com,Vu93-75539454,28.57
73338,8785,Michelle,Thompson,(623) 624-8129,mthompson@gmail.com,Qo82-04456287,3.99
56747,6672,Paula,Morrow,(746) 955-9797,paulamorrow@mail.com,Rp92-78607114,9.11
34604,6214,Holly,Carlson,(777) 088-5326,holly_carlson@icloud.com,KW44-29319102,13.3
94192,2623,Shannon,Brandt,(383) 571-7319,shannon.brandt@yahoo.com,MI00-20999810,8.19
98683,5003,Brad,Richards,(385) 482-7308,brad_richards@icloud.com,ii40-90302173,8.29
62674,7844,Kevin,Kennedy,(660) 533-7484,kevin.kennedy@outlook.com,ok19-77392244,15.8
66671,8298,Erik,Keith,(876) 114-2449,keithe@outlook.com,Kc53-20367714,29.43
71979,7038,Hector,Morales,(135) 093-4216,hector_morales@mail.com,FE76-03833178,6.08
94514,3981,Chris,Allen,(986) 713-8698,callen@comcast.net,tJ00-42627788,24.18
57994,9101,Rebecca,Wagner,(494) 192-8043,wagnerr@icloud.com,Jy09-13551644,8.82
51381,8190,Ricky,Matthews,(922) 361-2899,ricky.matthews@outlook.com,Dj77-71620774,27.62
13102,7619,Jamie,Allen,(824) 087-8930,jamieallen@gmail.com,IF10-20340893,11.54
77235,1430,Dakota,White,(254) 107-8760,whited@mail.com,QK89-52861729,2.14
19561,2943,John,Chapman,(432) 752-2406,johnchapman@icloud.com,Kr31-08045874,23.16
69265,5003,Sarah,Goodman,(294) 890-4586,sarah.goodman@icloud.com,qA14-41268258,4.5
16253,6127,Angie,Smith,(100) 974-1966,angiesmith@aol.com,wv06-87327391,4.9
50154,2319,Joseph,Smith,(267) 243-9408,josephsmith@gmail.com,ot99-85906767,6.91
19915,1617,Melissa,Roberts,(976) 748-5469,mroberts@yahoo.com,Ug81-49975661,12.34
74045,3926,Margaret,Carter,(793) 893-8206,margaretcarter@mail.com,yt34-56084350,11.12
25497,6579,Melissa,Olson,(006) 709-6132,molson@icloud.com,uW93-33984764,23.44
33065,5960,Dean,Booth,(749) 914-0217,boothd@outlook.com,rX88-07588964,18.51
92048,2623,Stephen,Stanley,(108) 240-7449,stanleys@yahoo.com,WO14-98226343,8.39
45354,1617,Sara,Barber,(810) 138-3656,sarabarber@outlook.com,AB48-01649562,18.84
40814,3136,Amber,Wilkinson,(700) 926-0317,awilkinson@yahoo.com,BY74-97418977,13.32
40368,2829,Nicholas,Nixon,(295) 259-0219,nicholas.nixon@yahoo.com,Es47-92305774,2.35
58308,9684,Tyler,Lee,(045) 404-6144,tlee@yahoo.com,QZ46-75354457,3.54
95655,6127,Laura,Nash,(299) 399-4136,nashl@mail.com,yJ65-47545858,1.64
43389,7262,Julie,Bailey,(846) 329-7880,jbailey@outlook.com,YU54-93109080,26.23
47662,7170,Carla,Fowler,(602) 579-9376,carla_fowler@gmail.com,YK29-01042354,3.68
59553,5563,Paul,Hall,(876) 738-8488,hallp@yahoo.com,KL94-53008980,4.19
91451,6331,Steven,Jackson,(949) 860-0657,stevenjackson@gmail.com,HA37-01995542,16.5
36141,8190,William,Soto,(598) 907-4032,wsoto@icloud.com,XP66-79498992,8.95
25900,1926,Michelle,Aguilar,(179) 674-2458,maguilar@icloud.com,hC14-52870803,18.84
59802,6567,Kathleen,Diaz,(858) 204-8429,kathleendiaz@gmail.com,HK11-84089431,7.11
20297,2822,Carrie,Smith,(064) 537-8278,csmith@icloud.com,MM73-43339497,24.25
58046,3162,Ashley,Nunez,(870) 333-0005,anunez@gmail.com,gr15-90300995,18.12
57659,4105,Carlos,Moss,(896) 258-9675,carlos.moss@yahoo.com,JM62-52486621,2.81
51353,7724,Jasmine,Hayes,(930) 362-7428,jhayes@yahoo.com,AV58-37877875,2.6
16831,5003,Lauren,Long,(123) 697-4831,longl@hotmail.com,Zm97-46550867,13.09
90927,8780,Mark,Huffman,(359) 978-9292,mhuffman@mail.com,uy41-20533666,26.57
22849,7824,Larry,Conner,(550) 127-3312,larry_conner@icloud.com,uG36-61271285,18.91
18469,4371,Nathan,Savage,(970) 798-2261,nathansavage@gmail.com,Ek37-85918279,10.51
25189,2968,Danielle,Bates,(525) 616-2956,daniellebates@aol.com,SH20-90421289,12.53
47548,3404,Michael,Skinner,(373) 894-2868,skinnerm@icloud.com,ia95-66257423,10.08
77263,6917,Kimberly,Bush,(857) 943-9489,kimberlybush@comcast.net,me54-73790182,9.55
36737,3891,Joseph,Brown,(784) 264-3032,josephbrown@hotmail.com,PC00-15332632,18.11
74571,2623,Andrew,Edwards,(702) 275-7836,andrewedwards@gmail.com,HB40-78403341,11.8
74121,6219,Rebecca,Palmer,(832) 497-0338,rebecca_palmer@mail.com,vg27-58339911,18.87
39984,5588,Melissa,Wilson,(106) 251-8186,melissawilson@outlook.com,vT55-29617435,20.22
34522,2442,Robert,Shaw,(645) 232-3535,robert.shaw@icloud.com,Wp20-51108900,26.75
24702,6127,Matthew,Bell,(355) 632-7634,bellm@mail.com,Uh15-43317187,4.16
95340,3136,Barbara,Phelps,(687) 912-5585,bphelps@gmail.com,Dj02-22380229,15.42
80311,2905,Stacey,Ellison,(167) 457-0188,staceyellison@mail.com,RO44-38099923,5.83
34868,9331,Chris,Bradford,(126) 649-9878,bradfordc@yahoo.com,gs41-80904295,4.22
68884,2905,Anne,Tucker,(775) 226-4169,anne.tucker@gmail.com,Ma49-40219396,17.41
62417,6579,Derek,Ingram,(020) 745-8580,ingramd@outlook.com,ZL17-96158636,10.24
85544,8216,Charles,Richard,(631) 566-6415,crichard@comcast.net,SF18-36063272,28.11
84015,1580,Mandy,Thomas,(888) 481-3654,mandy_thomas@icloud.com,nf14-47466502,28.87
71862,5717,Karl,Flores,(589) 065-1738,floresk@outlook.com,bp83-54376969,13.36
90231,3836,Marc,Ellis,(324) 932-5460,marcellis@hotmail.com,UI60-39298677,20.5
30398,7170,Joshua,Phillips,(657) 940-2719,jphillips@outlook.com,SQ08-57214810,12.44
25597,3926,Barbara,Lee,(064) 222-8598,leeb@gmail.com,vz07-20806064,1.32
14901,2569,Robert,Phillips,(665) 365-8311,robert_phillips@hotmail.com,TU59-60721658,12.63
37969,1824,Victoria,Gallegos,(323) 386-0752,gallegosv@icloud.com,YP15-07878533,2.48
82510,2829,Bob,Campbell,(198) 741-6886,bob.campbell@hotmail.com,tF36-38114557,7.04
10227,9331,Chelsey,Ramos,(251) 881-0113,chelsey.ramos@hotmail.com,xy96-91617809,26.5
37203,3402,Mary,Robbins,(417) 809-9739,mary.robbins@mail.com,Fg80-96121659,22.42
59318,1731,John,Hayden,(088) 239-2711,jhayden@aol.com,Ue37-69137825,26.23
76021,4231,Dennis,Humphrey,(923) 392-7747,humphreyd@gmail.com,BL15-70019430,12.59
68214,6023,Trevor,Dyer,(534) 601-4657,tdyer@icloud.com,tB88-35745201,15.64
57175,2869,Andrew,Henderson,(557) 641-5237,ahenderson@aol.com,zI87-84179406,10.76
65248,1518,Jeremy,Hayes,(919) 083-9901,jeremy.hayes@icloud.com,cl82-39800540,11.04
34678,7799,Shannon,Collins,(897) 442-4114,shannon_collins@outlook.com,XI02-20748090,10.32
89922,5563,Kyle,Johnson,(991) 912-3951,kyle.johnson@icloud.com,YO63-82949379,12.63
92837,3488,Brenda,Hill,(950) 182-2979,bhill@comcast.net,Ga38-35877286,27.94
38376,4495,Lisa,Anderson,(520) 992-9488,lisaanderson@mail.com,HZ64-25277197,27.11
29779,2986,Mitchell,Russell,(123) 629-7895,mitchell.russell@comcast.net,qv18-41970544,29.97
63600,7977,Patricia,Washington,(954) 719-5013,patriciawashington@icloud.com,nu19-30144269,22.04
79262,8437,Keith,Marshall,(905) 432-8674,keith.marshall@gmail.com,mM19-67523186,23.17
67217,2829,Eric,Gibbs,(702) 138-6923,gibbse@comcast.net,tG03-12766351,7.66
17038,5579,Edward,Young,(547) 146-0488,eyoung@hotmail.com,Jp08-51660240,19.28
88292,3198,Monique,Mason,(571) 254-1967,moniquemason@mail.com,nv72-30180254,23.68
25044,1125,Ana,Silva,(940) 270-1116,ana.silva@hotmail.com,oO39-58826368,14.61
22235,7246,Rachel,Martinez,(799) 189-3204,rachel.martinez@hotmail.com,Gm50-64105903,28.23
65343,5317,Lindsey,Mcdonald,(463) 655-6046,lmcdonald@icloud.com,ae96-94360180,9.27
68616,8120,Philip,Johnson,(816) 129-9157,johnsonp@hotmail.com,Dd64-87682605,12.53
49436,2862,John,Taylor,(609) 766-6495,johntaylor@yahoo.com,ca76-11298130,25.49
86747,8588,Erin,Harris,(565) 431-0519,erin_harris@icloud.com,EX87-54265307,11.54
56014,8186,Briana,Hale,(591) 606-6729,haleb@aol.com,yZ60-59115643,29.94
77291,5064,Carrie,Diaz,(908) 728-7617,diazc@hotmail.com,Bn35-71025476,2.58
23517,3981,Nicole,Rush,(444) 938-5622,nicole_rush@aol.com,QA49-71801302,28.48
19677,5717,Robert,Evans,(848) 711-3498,evansr@yahoo.com,kv22-87330152,16.74
13241,2506,Jerome,Padilla,(884) 729-4451,padillaj@hotmail.com,jb90-13170503,3.13
90708,4371,Evelyn,Townsend,(233) 400-0240,etownsend@yahoo.com,Nk38-25480198,28.83
53149,6755,Michelle,Ruiz,(415) 238-3253,michelle.ruiz@icloud.com,qy77-09039836,17.24
20428,5064,Kathryn,Jordan,(079) 604-1740,kathrynjordan@hotmail.com,yq70-28139400,12.2
77606,3447,Amy,Young,(132) 022-5628,amyyoung@gmail.com,ql70-46857397,10.36
96742,3402,Michelle,Brown,(953) 043-6092,mbrown@hotmail.com,KO25-82465107,1.32
93037,3322,Amy,Mullen,(179) 082-8417,amullen@mail.com,Yc06-56291561,13.71
15228,7038,Margaret,Walker,(686) 379-4544,walkerm@aol.com,Je85-59422748,5.14
91206,2442,Natasha,Pitts,(432) 893-2638,natashapitts@yahoo.com,VR22-93096152,2.75
69343,7577,Jennifer,Valdez,(280) 932-0497,jvaldez@mail.com,Uh86-52829091,22.88
38199,2609,Shelly,Carr,(006) 600-0610,shelly_carr@gmail.com,uH49-06753477,23.45
69456,6755,Michael,Mathis,(787) 444-0987,mathism@comcast.net,NW99-12365350,22.73
59852,7443,Brian,Kirby,(455) 990-2500,brian_kirby@yahoo.com,wk35-61042046,27.76
36894,4231,Wayne,Rogers,(982) 880-0852,wayne_rogers@hotmail.com,NQ65-15185074,28.9
28359,3926,Gina,Fischer,(536) 393-9999,gina_fischer@comcast.net,Ly14-96160076,2.2
47485,9627,Cory,Weeks,(348) 158-9880,weeksc@hotmail.com,an00-32026581,18.05
58987,2678,Nicholas,Weaver,(873) 551-9967,nweaver@outlook.com,WL60-81826859,14.96
65575,1746,Brendan,Bradley,(327) 439-0886,bbradley@gmail.com,Um42-65875544,19.4
52950,3488,Tammy,Owens,(859) 183-4378,towens@aol.com,mx43-21552676,9.54
55857,2707,Lori,Stanton,(066) 538-8888,lstanton@comcast.net,cV09-01681911,24.09
51786,7993,Penny,Hardin,(274) 537-4178,hardinp@icloud.com,nX85-40749400,24.51
47000,2743,Courtney,Solis,(878) 836-4729,courtney.solis@gmail.com,hG02-66348378,2.16
55641,8298,James,Boyle,(720) 001-7238,james_boyle@yahoo.com,Zj02-87870856,17.39
25174,5717,Candice,Stanley,(718) 359-2005,stanleyc@icloud.com,sA21-22704267,21.35
77545,8437,Kathleen,Jones,(095) 823-5302,kathleen_jones@mail.com,gx74-93301874,5.61
32689,5674,April,Williams,(341) 552-7758,williamsa@yahoo.com,ZA34-23557132,2.98
85657,6060,Courtney,Gilmore,(543) 833-9752,cgilmore@gmail.com,rZ58-26920565,22.05
84804,7724,Derek,Chan,(746) 029-4454,chand@mail.com,aG22-86908565,27.81
18933,6214,Craig,Drake,(128) 246-5403,drakec@icloud.com,Iv52-60272123,12.85
86816,7398,Chad,Riddle,(912) 334-1752,criddle@aol.com,lu06-46483626,4.14
25753,2524,April,Martinez,(349) 251-4599,martineza@comcast.net,Nw98-42237642,21.17
30252,1696,Heather,Mcclain,(061) 051-3931,heather.mcclain@hotmail.com,gN58-13596606,25.18
13795,6672,Chad,Scott,(543) 130-7119,chadscott@mail.com,Tc87-80350412,28.34
69048,2678,Courtney,Warren,(070) 740-8128,courtney_warren@mail.com,QP12-41113100,1.01
13075,2506,Abigail,Moreno,(318) 699-9261,abigail_moreno@yahoo.com,bi11-60640423,12.77
29840,2025,Barry,Edwards,(040) 177-7972,barry_edwards@hotmail.com,Tp35-79370692,25.86
99339,5107,Richard,Moore,(697) 805-0766,richardmoore@outlook.com,yW58-82970734,25.01
66269,8785,Jennifer,Watson,(592) 364-6983,jwatson@gmail.com,Cm00-49251318,8.04
24633,5296,Joshua,Johnson,(615) 315-9591,joshua_johnson@yahoo.com,zq20-76806167,19.08
53932,8419,Evan,Johnson,(658) 630-5817,ejohnson@comcast.net,Lc61-07427312,20.55
21358,6417,Jacqueline,Phillips,(784) 128-5285,jacquelinephillips@hotmail.com,pg01-96895498,9.89
61286,3270,Travis,Larsen,(091) 679-4941,tlarsen@gmail.com,NO42-49520437,4.19
38710,2861,Katrina,Simmons,(915) 154-7467,ksimmons@aol.com,MI47-81142864,1.54
21410,6339,Jessica,White,(824) 402-3713,jwhite@hotmail.com,Zq76-12609298,3.75
36607,3836,Lisa,Gardner,(919) 136-8907,gardnerl@icloud.com,Xh48-04403988,11.81
86891,8196,Gregory,Rhodes,(192) 243-0558,gregory.rhodes@aol.com,CA80-79640565,25.33
36672,3447,Stephen,Martin,(671) 054-8835,stephen_martin@icloud.com,EB30-84766632,1.73
63848,6803,Matthew,Rosario,(017) 460-3699,matthew_rosario@outlook.com,KW86-11103379,3.32
56307,2025,Christina,Randall,(685) 094-9797,randallc@hotmail.com,nl26-29525425,9.54
21474,3270,Julie,Sawyer,(260) 417-2439,julie.sawyer@yahoo.com,OO05-15828037,8.37
68926,1617,Lisa,Rocha,(722) 472-0352,lisarocha@yahoo.com,di53-85793483,27.62
95917,2163,Brittany,James,(681) 735-5994,bjames@mail.com,Li67-20324180,22.92
36245,2905,Darius,Howard,(861) 660-9635,howardd@mail.com,wK07-11588360,14.45
78244,6868,Robert,Mccarthy,(546) 099-0853,robert.mccarthy@yahoo.com,tY76-65930855,4.92
68239,4253,Vanessa,Bauer,(635) 112-3152,vanessa_bauer@yahoo.com,hg49-65162464,9.76
32525,1315,Michaela,Lynch,(758) 326-3002,michaelalynch@gmail.com,TW67-38432141,7.46
32776,7674,Kristin,Chen,(075) 319-1658,chenk@icloud.com,Bp70-95581935,3.57
98131,7784,Michael,Kidd,(820) 422-5991,michaelkidd@outlook.com,Ix93-28438941,3.42
43489,2506,Jacob,Hernandez,(492) 033-4423,jhernandez@hotmail.com,du04-77608350,18.86
63523,2997,David,Carrillo,(288) 960-9419,david.carrillo@gmail.com,Pm15-15569838,17.56
93275,2275,Travis,Vega,(396) 568-7069,travisvega@icloud.com,et00-09803177,10.93
67782,5317,Amanda,Matthews,(407) 986-8455,amatthews@outlook.com,Fh53-68637821,24.03
11153,2869,Leslie,Singh,(619) 359-4896,leslie_singh@aol.com,LT24-81945283,29.19
80774,1430,Calvin,Munoz,(937) 566-8763,calvinmunoz@aol.com,Vk69-15015917,29.93
29182,7227,Gregory,Smith,(031) 310-7360,gregorysmith@yahoo.com,Qv40-38278038,28.02
42670,2862,Brittney,Moore,(841) 208-7025,brittney.moore@mail.com,II65-49172623,17.07
61223,7134,Edward,Newton,(792) 005-1530,enewton@comcast.net,wn23-88158901,22.16
65234,7903,Meagan,Lawrence,(036) 889-0975,meagan.lawrence@comcast.net,hw23-09026131,29.1
61723,7262,Brian,Brown,(869) 371-3199,brownb@icloud.com,OJ49-50222358,7.31
28356,5620,David,Burns,(153) 963-9771,david.burns@outlook.com,ac59-25072214,20.17
81116,2678,Sheila,Jones,(950) 469-9410,sjones@mail.com,CV34-78995743,3.6
51444,1926,Melanie,Cunningham,(267) 468-8414,mcunningham@comcast.net,wS56-77264606,16.17
