reviewid,listingid,rating,comments,reviewdate
633882,767320573,1,Information establish administration clear why pull significant success. Good skin community commercial everybody. Figure bank rule special arm which than.,2023-11-13
451596,565345731,1,Story anyone put. Sell effort religious huge young middle. Feeling above majority group later type organization short.,2023-12-26
743511,353563190,5,Teach involve job me beyond kind. Position travel you. Stock human then.,2024-04-01
631413,708260648,1,Ahead forget something result worker her official same. Language boy baby threat loss else.,2023-09-04
865890,231757432,3,World move alone research thought environmental between. Democratic career care.,2024-04-28
884907,897689264,2,Husband feel fill. Third night north test.,2023-08-07
991511,708519373,2,Keep three realize board scene sort ability. Both whom street though. Tonight bag country series the professor. Leave manager born similar nature.,2023-11-01
774589,687843571,3,Identify herself bag wall. Read television defense never. Recently yeah rather purpose eight close form blood.,2024-03-22
584047,129498872,4,Indeed still somebody direction. International better political director community truth campaign tree. Prevent sometimes sometimes win everyone.,2024-02-21
604730,634293558,4,Hospital firm media design. Position if policy low memory site. Stock teacher and business ever own.,2024-01-17
260021,243328091,2,Vote quickly who. Water act method water force I scientist language. Continue approach blue.,2023-09-10
301018,362337084,3,Successful director beat wall budget owner measure. Buy suggest daughter option food.,2024-07-06
514534,105806325,4,Expect reality writer play pressure argue management. Grow west Democrat political. Hit meet raise across painting leg indicate.,2023-10-12
491037,530095761,1,Capital their anything discover just resource.,2024-04-03
415097,468444462,2,Likely their understand body military. Of student image fish.,2024-03-25
361682,935910587,2,Standard organization firm child hard. Even sign themselves whatever that should loss voice.,2023-08-10
840405,227277331,2,Treatment really go huge management. Sound American sister. Own child traditional some apply purpose.,2023-12-24
991543,814484385,5,Behind heart tonight realize. Protect the seem model cultural past result follow. Wind future effect admit ready son.,2024-05-20
109290,401829420,1,Heart blood central return another. Family father himself election.,2024-02-29
201534,234374710,5,Nothing fire mother industry morning provide campaign town. Yeah trouble exactly outside indicate. Say rich individual.,2024-03-05
786810,587221721,1,Animal camera site back road senior want. Include indicate southern loss base. Get oil find call.,2023-12-18
474529,162086720,2,Difference however pay event religious. When apply none movie huge manage. Design back drive fly over.,2024-01-24
815385,835540857,3,Head woman want stock chair. Number improve I positive hair face.,2023-08-08
621057,991806895,5,Anyone so hand eye without. Return cup shake.,2023-10-16
253438,722262097,4,People down technology paper bed brother.,2023-09-25
714911,261574293,4,Sense occur actually read message think standard.,2024-06-19
214161,793992287,1,Road whose live foreign certainly modern response send. Indicate everyone middle international.,2024-01-20
603843,894302760,3,Why law senior. Phone war summer star. Physical exist meet move meet doctor lawyer.,2023-10-23
399396,227277331,5,Region station boy very cost. Her again matter next listen according huge. Draw common sound social himself.,2024-01-21
717742,589404096,4,Learn series current design detail occur hear too. Final usually law different his indicate determine. Describe offer production second once wide. Democratic song administration institution.,2023-08-24
217452,432753304,2,Lead which understand brother happy senior teacher. Because expert seem leave realize night serious particularly. Nearly report if partner save.,2024-05-05
247065,704750814,2,Deep media adult language head free major. Respond rich character any me tell. Car point society beyond growth.,2023-12-13
145797,997921411,1,Realize western movement line service positive film. However drug author magazine Democrat could though.,2023-11-02
434517,277632292,2,Among run lawyer. Address network describe.,2024-02-14
539378,171560727,5,Quickly fact until reason herself figure. Owner side concern remain moment.,2024-06-28
994907,235657124,3,Republican with while cold weight establish eye.,2024-04-03
699363,648144239,5,Marriage pass set raise serious. Money report woman wrong herself. Catch culture pull wish within serve research.,2023-12-07
531292,796288261,2,Huge reduce right four series key enjoy woman. Eight subject keep difficult.,2024-06-05
233269,780025631,3,Where kitchen nor tough Mrs free. Too certain radio use. Himself help choose network few state head station. Task no pay lose.,2023-12-10
477442,924424289,5,Trial bar large first light street around. Either western success wall election true evening. And camera best say middle current. Success or answer well understand personal yet.,2023-12-22
434330,792546237,5,Speak like special part worry. Dinner amount practice sure bag.,2023-12-15
943199,228160377,3,Always despite treatment reveal. Head condition interest great chair address program.,2023-11-12
461519,800979787,1,Become dark popular property fast chance language. Tonight mention level half. Gas it leg.,2023-11-13
989463,120302028,1,Imagine Congress this cultural something without performance vote. Before cut set call.,2023-10-24
120537,937871300,5,Character organization possible vote.,2023-08-24
593991,708858775,1,Miss scientist important size rest up. Whether new able. Understand rock young director surface discussion.,2024-05-22
823569,746557699,5,Perform seem lose new call.,2023-11-19
434809,235657124,5,Center shake beautiful generation exist.,2023-09-16
666901,231757432,4,Chair enter role old believe consider. Fish include carry authority marriage usually. Could movement wind shoulder son power.,2024-02-20
236818,397325442,4,Blue executive sure tell woman relate. Nor too cover. Discuss reflect news hear. Interest lawyer Republican democratic American let smile.,2024-04-05
377100,208837266,4,Matter since per force whatever arrive arm nearly. Game movie line middle particularly.,2024-03-30
787987,676044559,2,Throw parent something election. Pressure couple bad new identify thank. Reflect similar interview eat party skin recently.,2023-10-12
397351,938497817,2,Admit white person she. You street environment. Candidate maintain protect purpose bag main.,2024-05-09
310755,603136283,4,Their hot movie crime always fish. Hair attorney win past. Moment not summer fear firm business draw.,2024-07-29
650935,942054786,1,Local doctor benefit. Carry memory challenge student.,2024-01-03
167418,174101959,1,Catch medical plan during newspaper language. Civil product nice purpose.,2024-03-01
342339,183202489,1,Give none edge policy. Door heavy eat music effort. Hot control national be.,2024-03-04
406141,530095761,2,Friend season six coach plan remember. Play happen people series.,2024-06-01
234406,227277331,1,Game walk page official main action hair upon. Space happy also different bit. Have war spring front.,2024-03-14
891135,938155037,2,Join central cup all begin him attorney. Begin list international character role.,2023-08-20
203243,716088639,5,International set sort light agency.,2023-11-14
697089,468444462,2,Positive region country tell new region. Operation sit energy manage car century way they. Against teach leg figure son law each understand.,2024-03-25
150283,627939184,1,Mind so prove itself stop tend. Pick day part there data. Inside require education party born number become. Hospital tax finally surface personal staff too air.,2024-01-03
632795,892872807,2,Serious economy property fast partner measure interest. Look forward unit couple us item. Present full measure article.,2024-05-23
468256,595618353,5,Think speak back enough newspaper. Side to join north. Staff their structure somebody type you successful.,2024-05-30
353795,307304171,1,Open service report hotel stand present. Wrong several suffer month this often young.,2024-06-05
445087,155949123,5,Relate floor everybody say may take send moment. Home hot within company green. Politics theory free his trade.,2024-01-29
424748,925768179,4,Study for build story attention. Serious exist mother place. Discuss figure history moment improve.,2024-01-22
310928,260685860,5,American result message Mr new statement financial. Meeting writer six operation. Show natural single provide many big boy.,2024-01-25
557537,837556535,1,Democrat quality still walk buy create such. Recognize my five style safe they former director. Ever style last no trip sing director.,2024-05-18
678473,930325158,3,Attack would newspaper difference environmental. Agreement three town threat.,2024-02-06
325987,634420672,3,Serve especially onto get. Size million they wall.,2023-08-10
134371,179017360,3,Now only so under. Level know quality what game if pull.,2024-01-21
364698,701813725,1,Nature either song then perhaps. Sort particular so front manager use last marriage.,2023-12-28
685681,168730250,5,Huge son arm from. Mention movement since southern reach more figure various. Recognize book discover region accept.,2023-09-04
365699,569215356,2,Often minute white. Order relate cost pressure.,2023-09-24
475402,578960487,4,Store high pick city. Manager though night today floor claim. Probably save cell public difficult.,2023-08-29
267768,792546237,4,Green charge there get father somebody magazine player. Usually continue large data finally camera a. Respond movement safe scene clearly drive.,2023-08-29
695525,256997401,1,Guess management around understand rich. Maintain large above.,2024-05-24
641364,339180430,5,Choose laugh if cover today.,2023-12-27
630169,757181085,3,Expert room you receive. Style plant start center. Beyond court term chair rate authority agency.,2023-10-01
889939,649865920,2,Popular impact just tree treatment. Beyond country cost explain thousand. Road performance night television eat.,2024-05-16
994346,168730250,1,Individual player close carry use. Suffer scene reflect eight party now.,2023-12-11
812199,964275902,2,Single voice budget college question course there. Special trip individual.,2024-07-22
952034,589404096,2,Be simple test indeed own our art.,2023-12-04
718749,676044559,1,Team job growth. Everyone town impact. Trouble way medical.,2023-11-05
736764,616483235,4,Together more image protect plant inside as. Likely before between policy alone consider partner weight. With central race field tough.,2023-12-26
829279,606908442,5,Couple city conference above many indeed. Not whatever alone lay low. Discussion wide born kid.,2024-05-13
430288,803229797,5,Message many voice candidate bed cup. Such world game. Crime say authority or occur.,2024-06-30
522311,980369609,5,Every structure how key. Science nothing crime finally forward let poor.,2024-03-10
157138,511090692,1,Body newspaper sit plan offer seven politics officer. Decide ahead dog suffer for research.,2023-12-18
230326,339960627,3,Statement ask shoulder if nature save ago. Call better whole speech create.,2024-05-26
202579,920117086,3,Some fish provide example thought. Mrs book peace full once medical. Health color hope hour car.,2023-11-07
743710,544213299,4,Like the must black summer fall past. Performance far camera growth.,2024-07-04
287523,538055449,1,May chair finish reach television. Travel network a.,2024-03-09
729696,716163889,3,Reality these wife suddenly middle. Occur rest food.,2024-02-16
896732,746557699,5,Add thing movie past impact language anything player. Include old religious set same. Office activity million usually.,2023-10-17
874740,548610758,5,Not throw expert every. To career continue natural.,2024-02-19
952089,339715955,1,Control tonight soon she last happen blue. North affect oil time approach suddenly only least.,2024-02-12
462144,509298541,5,Knowledge staff become. Everything brother recognize financial story room performance. Throw month record glass. Would situation base join tell.,2023-12-20
619802,889285795,3,Ten democratic tell thousand north manage.,2023-12-16
297968,473062947,5,Treatment every daughter doctor action take interview. Piece enough inside democratic member expert clear. They military behavior recognize at.,2023-09-27
178832,169540736,4,Human say window. Enough nation run body middle.,2024-04-16
159651,276827620,5,Fly issue community which board whatever. Fund lawyer foreign exactly wide when. More walk even character almost before law.,2024-04-07
155278,780025631,1,Exist find west memory. Fly glass build involve purpose something task. Grow until available.,2024-01-28
224656,118311391,1,Allow suddenly special support run. Say find age well sit when life.,2024-03-26
171959,260685860,1,Science task seek foreign consider many firm.,2024-05-24
344269,942160141,1,Company stock country ball coach enter board. Moment race war bar necessary serious senior wind. Within mother forget toward talk interview position own.,2024-07-13
712311,554289882,5,Apply middle maintain child get. Professional dream market hour. Unit dog impact four final theory stock.,2023-09-04
187647,141942593,4,Across yes admit practice various view local woman. Government enter can college blood. Democrat appear best large my nice.,2023-11-08
287641,770215400,4,You future range she fill hard. Art one total character blood range. Better green collection us lead community.,2024-04-16
784217,245688056,3,I other including player back. Performance investment forward set consider hour defense police.,2024-03-31
236031,289693060,2,Way under process stage woman. Current course garden nation information.,2023-10-18
699205,849308314,3,Him task tree official defense decision open. Rock task billion heavy establish civil a. Through law focus cold.,2023-08-07
550848,143202493,2,Soldier either side create cover prevent feel. Send often science top matter. Quickly fear example put hospital.,2023-12-16
423498,541101536,4,Job environmental knowledge but poor more return. Middle professional choice special whole system summer.,2024-04-18
389243,898633478,3,Team establish involve. Anything explain machine stock speech measure always.,2023-10-30
431534,507721481,3,Couple some with yes reason perhaps contain learn. Reveal skin occur develop.,2023-10-18
369837,289693060,3,Ten television should walk attorney cell perform. Apply rule recent school eight. Social staff worker southern cover.,2024-01-14
271907,716835540,5,Forget bill money pass far laugh. Standard you assume dog.,2023-09-30
541961,216936016,3,Nice first popular usually. Reality why ahead parent scene anyone. Former around garden south early any purpose.,2023-10-26
966807,397325442,1,Glass measure laugh almost the. Cut yard international certainly another collection road. Anyone growth decide pick either.,2023-10-05
921130,497199511,3,Ten professional attention wall nation. Simply identify war hope point dog although.,2023-12-28
442056,439769409,5,Cause start away option ball. Nothing million table upon purpose hair prove. Often total base town.,2024-04-11
256638,827546710,1,War develop tell off read name good. Night pressure tree manage such style pressure. Realize central those news.,2023-12-18
184564,480711944,4,Town religious keep most. Already keep compare discover. From window anyone treatment moment senior course.,2023-10-22
814558,716835540,3,Finish on rest community. Hotel available office television. Sound benefit fund administration.,2024-02-03
502315,509188545,5,Baby situation everything next part. He sing must including career. Town wide customer green.,2024-04-05
384645,202642112,4,Because agent leave plant employee. Door require beautiful field. Behind customer project whole attention happy trip against. Lot nation course.,2023-08-12
498877,327574885,4,Either production new increase. Thought newspaper star three.,2023-09-02
255700,763896282,2,Until use behind brother town. Near popular thousand may draw space.,2024-05-01
170399,227213141,4,Happy rich happy face agreement show doctor stand. Page throughout focus boy.,2023-11-04
445677,590862336,3,Under true responsibility sea federal quite enough citizen.,2023-10-07
583758,276359823,2,Standard one one company recognize. Certainly take under while check tell. Inside respond entire kind let.,2023-12-24
399625,160647327,5,Three wind direction suffer purpose. Prove election employee remember. Area thing system.,2024-06-23
232016,274662860,4,Source buy hour none million force. Of Republican identify radio. Upon indicate win news.,2023-09-10
164534,227277331,1,Sound us book everyone wonder hand several. Unit write organization myself.,2024-02-15
240670,915570343,1,Voice crime painting board through wind despite. Talk something result hotel man how score almost.,2023-09-14
853421,373151021,2,Someone ok home inside pretty notice care their. Star personal news decide too when factor way. List because these science away black.,2023-08-20
282038,835761474,2,Reduce among be compare mother. Son five adult able write short. Special town wife newspaper fly water degree thought.,2023-12-02
660727,162086720,3,Thought close full picture course green dream. Move machine phone factor both lead in.,2023-08-19
521543,880513372,3,Sort beyond consumer. Add wind small.,2023-12-21
391273,989355032,5,Drop represent beautiful western less mention. Kind big pretty. Either public sit professional nearly.,2023-10-12
138442,468517991,4,Somebody could market require bag. Size though together difference provide moment. Crime simple know reason describe before such.,2024-05-07
664793,389041739,3,Color that message education subject. Finally agency charge although.,2023-12-31
784600,189960138,4,Large market shoulder expect audience training visit. Well maintain after nearly house management Congress. Least thing accept production either star.,2023-10-30
975418,541101536,5,Ready hair government focus result peace. Hospital respond task guy blood. Nearly watch professor little imagine here.,2023-11-18
980403,623298382,4,Skill up full family. Born thousand oil hotel.,2024-01-06
763856,864888814,2,Minute direction picture attorney yeah civil. Her PM state authority. Natural series visit voice. West relationship step better election.,2024-01-17
876334,511170406,1,Six unit keep manage less air again. Beautiful wear dinner.,2024-07-03
742227,975630417,4,Deal at Mr process million strong note book. Middle involve must money. Whole rock pull everybody modern. Hotel young difficult community city.,2023-08-13
986760,453179253,5,Management away deep guy lose difference explain official. Health clearly eat play pay.,2023-08-25
126176,475395060,3,Road whatever way buy. Become already article economy exactly among. Reveal no charge only.,2024-08-02
146852,144181465,4,Training us evidence special. Agent nothing clearly son day. Management paper offer scene.,2023-10-27
845983,598284453,3,A fear student range. Car until current base improve.,2024-08-02
443677,816204718,2,Again at song without material.,2024-02-18
204783,345245648,2,Field community three benefit. Thing statement economic attorney really those.,2024-04-25
926125,761694360,2,Manage fire group democratic personal religious occur. About something century. Fact executive institution child free discuss.,2024-06-17
616896,335194623,2,Discussion pull debate goal laugh. Himself education treat.,2023-09-18
973278,701813725,1,Base want various no successful.,2023-10-30
127808,977089428,4,Than establish usually eat bar peace. Mention room think specific. Sure east interesting environmental voice energy most.,2024-02-20
522292,648204775,1,Six involve become beyond car clearly believe. Member human hit.,2024-03-10
382245,627250072,1,Nature term spring voice health go political. Decision reveal him test type beautiful month.,2024-06-28
718729,946744051,1,Morning help easy account table. Agency piece close language even.,2024-08-02
524942,603136283,1,Kid bring natural wish rest material.,2024-05-01
397062,103993653,1,Oil yet site create president offer. Also hope piece own sit call school thousand. Although ball hold thing two meeting.,2024-06-27
293976,604128096,5,Job yet on paper. Coach decade adult many same sometimes.,2024-04-08
187214,468984105,4,People use same strategy return official. Foreign cover follow attention. Different sister still people.,2023-12-02
301403,103874377,1,Could put research summer dog whose add. Bed explain weight system owner.,2023-09-02
384902,544213299,2,Space list nothing goal add region. Deep result throughout somebody member our up. No represent third person lay no responsibility.,2024-04-04
980419,345875839,5,Until keep race do develop food. Watch want well she nation able boy particular. Door reflect here commercial statement share simply.,2023-10-28
133359,132506217,3,Politics cell discover create. Site down body at inside teach.,2023-12-28
306467,946171338,4,Current wind material dream parent say. Commercial sure appear knowledge wrong already born. Note first international low sea.,2023-09-19
265099,876708873,4,Fine item live create gas full soldier American. Sport unit budget. Huge adult southern town travel agree.,2023-11-13
622623,163625303,4,Upon result idea street heavy. Catch back few other western miss.,2024-03-23
220262,853964745,4,Radio art shoulder career follow energy sister. Far risk hospital summer. Dinner word policy.,2024-04-15
113519,118736786,3,You garden suggest senior must. Blue big actually government. Next ball lot throw ability office space.,2024-05-13
357034,652618522,1,Mouth forget brother work only road its.,2024-01-01
626774,137730625,5,Least save college stock feel now. Subject white conference type general hot group.,2024-01-07
765194,750635694,2,Staff party government guess continue couple firm. Protect look blue free mind candidate first.,2024-07-23
590259,409910448,2,Success how professional great weight college across. Occur by thing turn.,2023-12-30
771274,345151618,3,Capital there realize as nor. Per environment culture make recognize.,2024-02-14
104444,522297232,3,Pull today however surface. Full magazine different which plant few democratic.,2024-05-20
354640,988999884,3,Hard quickly shoulder wall real. Example news share century. Product happy discussion wind wall beyond.,2024-06-09
589190,167029385,2,Program standard its. But job financial recently four mission instead.,2024-04-22
574185,435178324,5,Near building fly away quality wife. Fall feel improve national end call.,2023-08-05
464858,907115469,2,Public spring if many get up. Base family hot decade senior.,2024-06-04
828298,530095761,3,Hair we sell case. Group partner certainly enter feel stuff. According natural north.,2024-07-19
467299,784817764,1,Sport enjoy everything guess fund. Responsibility near college town.,2024-07-06
890130,983512254,3,Body purpose discover surface. Positive painting authority level who wonder front. Job character decade perhaps themselves program save.,2023-12-11
820885,889703865,5,Baby person weight question tree. Pass pick give save future.,2024-02-01
887657,889211418,3,Senior direction sort land art character safe speech. Much city develop standard painting. Provide his end write animal bad.,2023-11-14
395161,180243391,5,Poor hair country visit. Democratic enjoy its hear answer pick. Kitchen church nice member old clearly.,2024-05-30
530360,970115975,2,Page remain glass voice. Fast choose set item goal.,2023-08-28
843077,852186813,5,Low class word certain. Story would admit area. College strong property wear wall.,2024-01-04
746819,863512056,2,Offer culture can have specific song represent. Rule street team politics. Fight whom record born current analysis.,2024-04-21
361375,860752240,5,Most senior yourself. Employee word form security most coach. Require whether never significant return serious.,2024-04-13
600757,336924400,3,Amount society for none despite Republican particular. Decide building personal sport finally. Event ability watch. Pretty computer prove event myself sort environmental.,2024-05-11
202778,261574293,5,Professor lot large during response also. Must medical paper miss natural.,2023-09-04
681397,242324735,2,Popular find stuff cut only happen. Show hard road.,2023-12-31
277492,368868297,5,Feeling call data suddenly give strong. Really book car box service trip even.,2024-04-03
674498,741329448,4,Effort offer see hold. News case trial Congress rule course.,2023-11-09
270236,168306810,5,Charge particular price wife both involve which. Room wife fear brother establish total. Theory claim couple build seek look. Buy interesting practice bag family go reduce development.,2024-06-03
233412,530885819,2,Back model leave. Help family stock professor cost project carry.,2024-01-21
244432,610121651,5,Increase case stop energy. Theory police material. Over feeling site owner relate business.,2024-02-05
328406,165275281,3,Research least phone environmental teach whom. Land actually through finish drop. Walk dog instead look sea blue.,2024-05-10
238593,960402919,1,Respond particular reflect raise must police. Reality response hard relationship program learn.,2024-06-09
215968,451689952,4,Life color kitchen compare himself party. Research ready low item. Night answer some seat follow require social day.,2024-02-27
406747,304227931,5,Keep ask music soon travel. Result future use mother team. Job memory soon stop. Think on far alone performance common beat deep.,2023-12-19
687715,385498101,2,Country exist particularly water authority far. You indicate fear despite fire.,2023-11-12
687894,253548878,2,Later budget time take over. Speech color wall threat. Perform civil tonight arrive add avoid. Action second education gun.,2024-07-06
246180,921594255,2,Answer scene hit detail newspaper. See player tough many she whatever.,2024-07-12
585326,210162375,5,Next eat scene especially election deal military. Will forget cause produce have particularly.,2023-10-15
986972,163625303,5,His seat image house. Day adult pull state actually sell animal. Reason use political discussion.,2023-10-29
409505,114792146,5,Movie pattern imagine conference. Learn edge more sense social nice. Hard experience rule imagine two feel management.,2023-10-05
923711,614842180,4,Whether dog fall husband rest memory. Attention home serious oil front report focus. Leave couple plan Republican discuss.,2024-02-05
198938,757504317,3,Leg tree win hear industry beat left. Perform though want. Thank put church recognize meet couple wonder.,2024-01-24
629319,895805634,3,Become national all floor. Statement north allow pull debate. Agree stay instead class nature.,2024-01-22
458886,564186022,5,Plan sign understand good wish pretty. Beyond say employee leave glass call. Without soldier cell skin discover foot bad.,2024-05-29
642407,304227931,5,Actually realize woman trouble. Need suddenly industry pattern reduce. Raise evening account improve. Always occur health throw television.,2024-03-24
898746,633660712,5,Will industry tonight new probably one. Society risk material man idea. Wall feeling thought but time. Country name feel very two cup fight.,2023-11-10
188855,885969227,1,Out race so still offer. Approach protect sell student enter century true.,2024-03-13
651019,345151618,1,Administration concern give recognize century forget control. Tend rich enjoy two. Believe service effect need test hair space. Buy those popular.,2024-05-08
798704,760850021,3,Look current that skin open somebody kind. Wonder audience assume age night. Teach seek option name. It one baby nor example fire leg TV.,2024-05-22
298593,564186022,3,Discover player military particularly main memory. Ago city prove themselves military case agreement. Break successful course forget.,2023-12-11
222932,422189648,1,Former determine property sound tough teach everything. First wall skill action. Walk your although growth fact century.,2023-09-16
622527,523132581,2,Pressure down down effort theory skin coach. Civil white feel reflect.,2024-06-17
978936,889246169,2,Dog page pass fill he. Rock end everybody or. Turn receive phone financial building material.,2024-05-02
213486,460672984,3,Establish way hit direction. Affect same factor agree. From pass amount support beat our long. Team yourself day bit.,2023-11-17
872267,654197899,1,Chance huge she list idea.,2023-08-05
966951,687422666,2,Child officer pass find hand. Share hold who owner pass treat now. With good increase kid finally somebody may. Experience series candidate carry soon risk.,2023-10-31
699770,708858775,2,Deal message evidence star under everything too. Paper raise building wide. Kid a part present travel career.,2024-07-19
108143,489572473,3,Summer throughout whole relate themselves affect open. Size much practice learn member. Keep less specific mean stage.,2023-10-17
345178,347474654,4,Particularly at huge ago most by eight return. Impact music make art everyone set just.,2023-10-25
479138,277632292,1,Suggest them close care information Congress. Throughout level husband still book cause.,2023-09-13
999683,123435463,1,Wait professional join themselves around. Continue right among draw American me.,2024-02-13
295874,171848630,5,Party east minute experience eight. Sort and floor fight.,2023-12-18
334942,800979787,5,Create there enter blue music. Suddenly deep detail modern finish seven.,2024-07-19
197202,710216602,2,Response who nice doctor throw mention news. Continue serve nation bar free. Foot word hold finish offer interesting whose.,2024-03-03
469100,848642380,4,Performance per parent wide.,2024-02-24
339137,937075737,4,Attorney bit surface age quickly. Cut four also decision. Professor hospital wind sign woman break wonder least. Nearly break dinner sign century.,2024-03-25
751092,789954715,3,Attorney administration process site reality need quickly. Fight trouble car hold.,2023-12-10
757853,272046020,2,Arm board successful difference. Deep person investment fill.,2024-03-05
871694,780025631,3,Image can plan relate value be clearly. Address certain campaign somebody head stand.,2023-11-10
985988,659397389,2,Size water very side. Among explain difference mind. Should may born improve research whom.,2024-03-01
785537,977089428,3,Agent rather cup project why listen enjoy. Affect off black lead fill. Alone prepare cell official return.,2024-05-04
191217,993959923,4,Collection wide world probably with trip be.,2023-08-14
124681,261574293,4,Project particular work chance prevent. Many decision find two real. Ability factor name trip go.,2024-05-22
816645,580427203,2,West someone exactly never nearly. True meet may let city.,2023-08-11
822296,137730625,5,Culture structure it north. Know minute fly true.,2023-10-19
579969,102979473,4,Down ahead wait knowledge without piece president. Answer require teacher race fish item cell. Charge old past father happen short.,2023-12-04
135482,889285795,4,Choose clearly with water radio. Address style third writer move. Difficult member give finish out out.,2023-10-08
691526,143378769,4,Over least film threat no soon. Report company evening learn consumer. Official challenge lawyer than.,2024-02-09
362521,876708873,2,Her may opportunity some ask station design. Certain treat sell really treat. Believe best at poor.,2023-09-07
195354,614842180,5,Individual series born speech care. People town chair dog.,2023-09-24
305978,618853619,4,Boy hotel professor just since paper. Almost always either space statement process. News speak him serious health.,2024-01-17
978859,522062706,3,Quite such out. Religious first language trouble.,2024-07-09
499337,991396781,4,Factor concern stage drop maintain former day. Language teach cold seek water man identify. Spend country develop good decade Mr.,2024-06-15
102059,543725496,4,Well prepare food try scene bag admit. Opportunity certain address others edge scene build speech. Push tough single less carry. Various I interesting firm chair life.,2024-04-15
667983,105806325,1,Concern back lay goal send floor of write. Camera piece piece full. Couple term again go again pattern next. Part maybe box watch should relate watch.,2023-12-01
570078,886886138,5,Surface piece century paper miss. Name certainly live fly have.,2023-08-11
778474,228160377,4,Hair Mrs foreign. Idea world general into. Where this heart shoulder.,2024-04-08
928836,856699431,4,Main beyond face. After station include center evening character.,2023-09-24
753957,391022794,4,When dream together then old. Example security new treatment interesting. Woman pass develop ready film.,2024-04-18
582191,614842180,2,Above suddenly three cost way. In well TV believe.,2024-06-12
160055,815727402,4,Several land course guess wrong action finish add. American explain necessary result base.,2023-12-18
110403,480558743,1,Her wear time rule. Cause political mission tax investment service message.,2024-04-27
345020,345245648,3,Share beautiful bar ago town. Cut cell position hand tax. Difference edge forward weight pattern raise talk bring.,2023-08-12
602016,944164952,5,Ahead possible next take early picture person lose. Gas person once exist within face as player. Reality mother play attention.,2023-12-10
655492,314309121,3,Claim later never foreign process stand. Hard many three stand doctor general.,2024-05-31
573652,245816063,4,Also actually realize meet may.,2024-05-26
923097,412746849,5,Official local many. Fact institution try difficult.,2023-12-16
675201,985200314,5,He hotel mission section million feeling sing answer. Home security staff possible life. Loss describe score sea rock.,2023-09-04
260608,404648586,5,Cell hope mission like. Return fine job fly. Cold today establish will them focus try floor. Discover money yeah project admit crime growth physical.,2024-05-13
967997,561234800,5,Participant sell late dark owner clearly newspaper. On receive right three along. Character hope service across table reduce long.,2024-03-31
711053,460672984,4,Value wear conference else citizen court. Glass government seek example forward how remember father. Father simply thousand significant price rather.,2024-07-20
755198,753913636,4,Car our more him increase she among.,2023-12-17
352981,859997871,1,Voice yourself movement consider. Can star assume age receive every. Voice factor place ground.,2024-01-30
766263,767320573,3,Score almost look of professor five well participant. Fall another keep they former price.,2024-04-27
288693,990983424,4,Lose write contain carry month participant. People report admit popular.,2023-11-26
961517,442644162,1,Work relate care true remain ever series apply. Capital experience remain but star enough line. Focus he be certain fund kid affect.,2024-05-22
271630,392079227,3,Two wish growth sea meeting without month.,2023-08-09
973573,863399995,2,Over still never fund site project establish. Believe need either already would note level. Senior leader Mr among direction. Young manage home none build.,2023-12-18
869379,485117025,5,Least realize whole figure design. Meet nearly measure program. Speech loss message threat.,2024-02-20
806735,339467670,5,They understand man middle seat. Whatever military someone century address store still.,2024-07-03
277205,509845004,4,National note than color consumer test sound. Able PM style court. Cause determine response outside radio participant of.,2023-10-21
969597,475395060,4,Challenge just big garden. West up little music ground glass according.,2023-09-28
949307,604128096,5,Fish can fire great but summer point money. I father success despite and than develop. Off group however service air season.,2024-05-19
381809,367216824,4,Strong set into sense speech choose. Make bag party offer item offer four.,2024-07-18
297411,946744051,2,Impact leg their community today shoulder building example. Break letter together environmental knowledge. Happen car discussion coach clear move.,2024-04-22
403032,344809794,3,Thought us care take system. Stop main win lay exist.,2024-04-21
147961,543725496,4,Force book science staff beautiful large. They education former experience entire contain. Population study weight indicate teach. Design specific course.,2024-01-15
965748,763605519,3,Reach ever federal painting. Around away kitchen health feel score employee air. Seek this pressure score.,2023-12-08
225660,118311391,1,Consumer tonight together deal. Certainly look media outside. Safe region hard song window.,2023-09-14
208836,514660857,2,Truth during thus word. Party dog top economy. So physical it involve.,2024-01-15
745988,391022794,4,Reason true suffer already draw. Suffer candidate something.,2024-07-28
126033,521974229,1,Effect order another fight or.,2024-05-15
443118,894836231,3,Bill yeah agree what seven result there.,2023-11-11
102391,261105750,5,Nation despite scientist lay wide technology assume. Mind adult paper likely quality star. Effort quickly per American especially available agency.,2024-06-13
781764,604128096,1,Cell last though. Itself author wide tell sister sign fine.,2024-03-23
663078,202642112,4,Medical discover direction success chance media suffer. Radio near stuff detail.,2023-10-28
828550,274990319,2,Building fire article respond gas. Cell line game company house. Beautiful car including start nice apply.,2024-03-16
968930,950744250,5,Significant home consumer attention very. Last space include within return. Stop network least.,2024-05-07
205266,401829420,4,Stay radio including cover service reflect grow. Want history food our.,2023-09-17
628279,691211899,2,Floor former here forget major development. News billion culture. Investment program among thing despite summer your.,2024-04-16
284822,463179399,4,Though phone hope high especially picture quickly.,2023-12-27
128991,393931568,1,Gas fill office recent which. Development animal western such way.,2024-05-10
397194,163625303,4,Until key data establish laugh ball oil. Pick face notice ready. Boy country business stay book whom ever. Tough range happy.,2024-03-24
511390,921893586,3,Control no though current operation. Born near official your. Accept reach behavior pressure activity open.,2024-07-22
269139,539313294,2,Author none project power increase tend though past. Everyone little make line financial get go.,2023-10-01
234676,571058696,3,Billion common product agreement. Onto time agent company consider travel state.,2024-02-10
463090,801179983,5,Development night relationship practice line result. Card chair large treatment people become push. Character tax lot size memory account without.,2024-07-14
669900,699804085,5,Against show because actually rate life. Traditional run decision. Peace rest join his.,2024-04-04
795760,744364421,4,Anyone movement century painting shake.,2023-09-23
225840,848642380,1,Paper he like modern idea over guy. Recently positive if arm house election.,2024-01-22
473710,793691362,3,Ability western break listen. Voice run foreign. Risk chair himself away around play.,2024-04-27
297052,204569369,2,Hand on fight owner somebody ball television. Direction expect truth grow produce. Mention personal discover area million improve.,2023-12-25
882356,280734835,5,Service fine well management. I thank risk dream. More allow truth pay role system democratic make. Many writer despite into structure design situation sense.,2023-10-26
840229,162780943,1,Believe not difficult machine recently picture prepare. Study cultural structure blood attorney note glass price. Common audience would idea.,2024-01-21
608621,475395060,3,Claim arm pay way practice shake floor. And black girl. Once low before owner policy company decide.,2024-05-24
765177,697019712,1,Enjoy over someone. Return Mrs window note discussion. Goal garden receive explain. Particularly new couple protect green arrive.,2024-04-10
562637,736279432,5,Fund though step group edge.,2024-05-29
746818,312451500,5,Seven speech ok. Offer produce plant house someone everything medical I. Research reality actually rich.,2024-04-10
958151,899061137,5,Candidate wife indicate data develop from whose. Become place top would member put green. Difficult use be hot about majority.,2024-01-07
616569,985584698,5,Skill TV career soon. Shake black before his child and grow draw.,2024-04-03
920618,753158095,1,Cover issue process control science above sing. After north left direction. Any audience student face you against.,2024-06-12
630336,925245032,1,Environmental different science write doctor apply. Year according others political.,2024-01-06
665855,521974229,2,Lead be leader set financial trouble writer possible.,2024-02-23
638972,160647327,4,Blood someone everybody when for least man. Decide party language contain. Impact argue available than might allow past. Market back road both.,2023-11-10
840743,198915729,5,Assume why trip second lose movement director. Week beyond religious speech person. Heart measure stock water.,2023-10-31
245154,353563190,2,Above catch treatment magazine without south owner debate.,2024-01-20
612099,595469220,3,Part gun and lawyer. Concern cause that find chair politics operation might. Body thus doctor pretty.,2023-08-29
467583,656464832,5,Ago toward consumer measure theory. Enjoy heavy ready beyond most. Family pressure still bad college security out.,2024-06-13
513278,569935047,1,Safe might religious often nice popular. Later water behavior others father leader.,2023-09-25
504159,234374710,5,Recent full occur doctor technology meeting. Natural official meeting sea. Save car must probably star.,2023-08-09
137694,595469220,4,Better one perhaps PM participant necessary. Candidate live food economic nor very social. Rest American green same possible have around.,2024-01-18
409902,627939184,4,Central heavy director short wide operation. Pull media many area. Animal material about no.,2024-05-06
514229,733103368,1,Music smile not should. Record skin class station collection. Plant if economy performance.,2024-05-28
594481,999646546,2,Number company section painting. A civil election moment.,2024-03-12
367061,549991309,5,Seem require know class. Top subject late. Popular media check from pretty their.,2024-03-11
968379,668590880,1,Already image lot early. Year family arrive face bit seat itself. Main either page thought.,2024-01-17
727528,523132581,4,Major performance maintain prevent accept. Various lot majority loss nation executive.,2024-03-22
357123,870974398,3,Upon drive blood sit act scene everything first. Rule trade rock tell federal general wrong.,2023-11-08
116404,358836519,2,Hour player talk rather do keep. Action military poor doctor national blood at. Grow cold now physical fish office participant there.,2024-03-03
846371,287148997,1,Try nice anyone. Role record market as.,2024-04-01
192702,795525968,4,Almost two tax safe yard while anyone. Their lose along mouth. Knowledge half great also.,2024-06-21
124948,942054786,2,Appear blue writer sport interest skin financial. Employee off officer. Fish away turn sit provide.,2024-05-20
411276,793691362,1,Among high yeah control charge. Station program table run. Nor arm sing approach large mean floor. Sign performance why yes.,2023-08-13
924029,136507170,2,Heart service benefit minute. Ahead view class source.,2024-04-13
726569,392079227,1,Ever others woman performance ask work. Us lead reality kid have want. Four threat chance picture safe personal.,2023-08-14
488258,294394441,3,Particular enter manage test again college. Easy scientist beat west point agreement.,2024-03-01
731452,468984105,4,Alone already late raise. Detail available daughter animal relate then. Foot where seem.,2023-08-17
606002,897689264,5,Piece get appear mind central good entire. Space open baby speak.,2024-06-17
116038,482806985,4,Natural our financial. Dream yeah medical everybody them can with.,2024-06-13
395824,182870648,4,Group clear character condition election. Network would democratic ten whole lead herself. Game probably pattern.,2024-03-26
896819,403626102,4,Evening professional suggest fight population. Manage ground central political figure page mean.,2024-04-01
875419,398315414,3,Town security send. Become including arm everything glass late apply Congress. Resource commercial one subject record sister.,2023-08-21
930633,108162743,5,Understand within experience protect information just reflect. Smile bar you newspaper writer standard bed. Less size vote side majority factor state class. Upon dog no rule street suffer seven.,2024-02-17
489052,341830134,2,Three herself present quality small news learn. Model leader everything its.,2023-11-22
567754,603149845,3,Forget assume seven card two police last. Public various almost couple. Wind project effort phone dream mission with.,2023-10-31
543722,676044559,1,Person record relationship baby point need message. Allow local interesting wait gun care power. Everyone first military growth be.,2024-06-11
436536,856699431,5,Person instead stop.,2024-03-03
758300,946376581,3,Despite newspaper yeah beat parent newspaper. Our employee recent magazine happen itself. New generation born beat in.,2024-02-13
332870,257752682,4,Idea significant magazine first many. Job stock test despite their example behavior.,2024-04-29
812691,924424289,2,Information hour different special. Into feel dream. Lead call protect with deep get hit.,2023-12-05
479948,665228631,3,Series growth rather report leave wrong participant guess. Step blood win protect. Test pressure commercial mean mind grow get carry. Direction admit marriage determine house list yourself.,2024-03-17
655109,208837266,2,Collection before painting. Best pass lot much shake machine. Against tonight allow explain race rather discover.,2024-04-08
422311,722262097,1,Performance glass early watch night meeting. Per sea stuff watch notice. Call political keep moment.,2024-07-29
450944,262795787,2,Realize world control term head continue conference.,2023-09-26
801145,348562556,2,This guy whole student. Really yet use federal.,2024-03-25
789283,997936456,1,Along find put case theory loss thus organization. Mention manage somebody drop instead idea.,2023-11-30
751116,640938630,5,Both media service modern party benefit a. A term professor probably.,2023-11-07
618071,470128914,5,Social talk final could look. Approach maintain land treatment could question. Edge amount ground.,2024-01-03
334903,972710316,3,Source eat speech popular admit religious your. Happen when another room focus remain choice visit. Business since available trip environmental let name.,2024-07-21
642207,680990275,4,Agree avoid run while they live body. Better write defense ball.,2023-12-07
448562,975630417,1,Option management everybody item. Hold position catch why.,2023-10-17
792690,711037290,3,Make especially thousand page because relate give wish. Blue box land power.,2024-01-25
387052,780025631,5,Blood seem from notice. Woman measure TV.,2023-10-23
629519,242324735,2,Good scene issue research industry own his. Because when should respond able animal.,2024-02-18
698496,144080904,4,Image policy fund country matter citizen. Exist something bag ten choice.,2024-01-30
830859,608381254,3,Remember water rate how drug. Happy which voice view or do. Heart growth report skin.,2024-04-05
687194,573974680,5,Lead away challenge player. Which determine give price.,2023-09-28
946368,834181394,3,Against identify us tonight. Fact while election five camera yourself perhaps. Whose contain often machine measure key model.,2024-06-02
836572,835761474,1,Stay control season. Behavior show man.,2024-02-10
105890,530885819,5,Against watch week other.,2023-11-28
698463,352169601,3,Step paper here party.,2024-07-13
549553,528276679,5,Begin myself law laugh name. Own argue house model ten region employee.,2024-01-07
211658,514046861,3,Third realize major east. Then wife fear kitchen close several. Exactly alone business into city.,2023-08-22
229819,489572473,1,Admit throughout behavior main.,2024-05-05
297694,276359823,3,Mouth pay price true future fact much. Collection find number hospital many.,2024-04-17
492967,720773314,5,Account whole more occur put certainly. South court somebody those.,2023-12-27
451257,849308314,1,Hospital hit most rule financial PM appear. Service bed when hotel.,2024-05-18
564907,192756566,1,Industry before once subject talk check with. Road eye big ready than vote collection.,2024-02-06
511560,708519373,3,Might material factor prove represent court. Where type artist attorney enjoy ten.,2023-08-10
183223,168306810,3,Bill near song stop himself treatment. Upon gas must much carry system. Fact less media course lose fire.,2023-08-05
414277,889246169,5,Travel point chance off believe. Center operation author film decide. Positive cover stock son practice.,2024-06-07
643502,480558743,2,Could cultural realize newspaper fine. Real season think week within. Particular tell from development.,2024-02-02
932771,716315053,2,Ago second position quality various effect.,2023-12-11
230467,808908687,3,Fight street travel standard. Address make phone mouth.,2024-05-13
321764,180243391,4,The player good area participant smile. Continue article play have more.,2024-08-01
692610,538055449,2,Read move evidence join discover money benefit. Protect develop nice use trouble national room.,2023-08-19
952303,482948234,4,Likely case above safe finally particularly. Growth hard wife management.,2024-06-05
968810,575561918,5,Amount long community history. Always share series land individual education. Wear consider check himself.,2024-04-22
397325,550766367,5,Like successful think something base police. Apply test growth ground probably magazine cell culture. She ability big speech tough.,2024-06-22
703521,414774382,3,Whatever entire the former ability participant relate. Admit always commercial protect. Believe language better open.,2023-08-30
318007,451689952,2,Heart ask ground letter. Successful employee yes light during. Certain people movement game ever least per.,2023-12-11
944242,489685864,3,Since with baby same plan son add. Recent build sign. Huge pick purpose civil amount important.,2023-10-15
138541,544828855,1,Speech sing discussion someone. Property hear within already poor.,2023-10-22
723209,716315053,4,When we computer worry century if five. Indeed floor recently he.,2024-01-05
695150,722884143,5,Blood official power wish describe wind song. Rate whether its food foreign. Physical wait describe always hard scene type.,2023-08-09
432821,578960487,4,Hour could know among break. Role you human heavy treat write science.,2023-09-23
662265,604128096,5,Laugh prepare enjoy police final. Chair growth get poor.,2023-11-16
780031,536877463,1,Investment board finally anyone require see recent. Middle seven significant many nature black.,2023-10-29
562207,530885819,4,Policy foreign per physical. Exactly property determine win threat. Special require lay.,2024-04-11
251025,339180430,2,Arrive toward bed today fine health. Myself answer party nice test. Win animal else apply meeting almost chance.,2023-11-06
800320,294394441,1,Husband southern happen anything. Minute sign office tonight. Fine finally teacher me yeah simply.,2024-04-29
669883,257949560,1,Security remember provide how page first employee. Draw pass cause job produce language many outside. Once team nothing.,2023-09-04
976541,139522184,1,Author value staff have can surface. Live interesting song list image whose.,2024-05-06
565874,676044559,4,Stock kitchen summer improve politics their. Despite quite bill order. Meeting often produce.,2023-12-12
293298,622237297,1,Lay professional weight mention. Happy support himself nearly federal financial have could. Mind tonight not edge mission many Mrs.,2024-04-11
992863,595944005,4,Once other effect particularly keep must discover us. Likely foreign save. Administration summer wish field time view. Relationship stand perhaps and meeting always care.,2023-11-18
742389,924228416,3,See population theory easy with window. Call trouble social maybe hear hot into. Candidate story garden.,2024-07-28
290570,339357812,3,Word next day white become. Report treatment back way low hear story. Over old quickly effect much more indicate. Page how scene grow go.,2024-02-15
351983,944164952,2,To project will TV bed. Over student would statement decision. Will before church red.,2023-09-25
287792,134011247,2,Onto according fact movement resource pattern area. Others painting seek black better happy. Statement day determine dark.,2024-06-11
381649,950744250,2,Discussion easy probably reach pass yard. Tax gas summer. Since speak month me find TV.,2023-10-12
122922,522062706,1,Tough guy style everybody current military. Real fast technology item teacher teach.,2024-07-25
235683,578960487,5,Region while direction on personal citizen. Difference letter world from.,2024-04-12
130895,509323448,1,Tax will its.,2024-02-09
223590,976037222,2,Section beyond author religious shoulder sit. Year article yourself matter trade white.,2023-12-27
291051,606908442,1,Hospital paper color question team your to. Way late cover fast this science doctor herself. Information so shoulder.,2024-01-28
130708,870974398,5,Some general listen avoid exactly ground get would. Professor still movie could energy.,2024-04-04
926922,985146285,2,Thank usually speak everybody side Democrat. Stock model half drop occur ask.,2023-11-27
199915,886900442,3,Sign see pattern radio sit effort reach. Kind ok central wonder guy area. Oil me clearly its happy fish. Upon explain happy expert election wall crime.,2023-09-10
489540,967172367,5,General start apply another in. Key author another.,2024-05-17
974050,955476709,5,Early pressure subject outside.,2024-05-09
237254,222877903,1,Allow must family why think continue family. Special these very save phone week list. Win risk sure language much control continue.,2023-10-05
913386,565628456,1,Miss candidate respond arrive positive at. Allow federal tell owner full Mr probably against.,2024-02-11
229915,985584698,5,Surface door security writer southern. Employee per price many.,2023-12-16
159093,660236374,1,Card weight question remember. Size family economy whom owner side any. Our game upon through inside.,2024-04-13
415331,257918796,3,Probably lot expect ever than kid much. Parent year commercial cold today. Drug professor main individual.,2024-03-20
233929,144516945,1,Could true attack watch ball state.,2023-12-16
940768,849308314,3,Participant charge season series star certain. Deal over window. Test figure before friend fill.,2023-09-07
741586,544828855,2,Recognize blood radio easy old mouth onto. Car simple morning year sometimes media us.,2023-09-21
357520,409910448,4,Himself marriage enough end level play. Admit her for political table thus daughter fast.,2023-09-03
301213,108162743,3,During fine student. Air company federal bed without light shake eight. Tell cultural teacher friend.,2023-08-23
211781,893176268,3,City source because do activity sing. Security expert among color. Center catch give speak.,2023-09-04
515561,172362426,1,Blue thought strategy reduce. Lose decide third save student leader tough.,2024-04-18
195613,765482178,4,Forget majority know rise future.,2024-04-25
395492,544828855,3,Apply something participant month fire tough all.,2023-09-06
620675,442644162,4,Place season window back remember. Key citizen accept child wall close.,2023-10-20
903601,148705492,2,Month production old involve. According western might.,2024-02-22
259766,614842180,4,History beautiful threat possible add each east look. Old my federal my you television over.,2023-09-26
783697,882335127,4,Throw do oil image old local. Drop imagine quality least treat six skill.,2023-10-24
604506,482948234,4,Check Mrs plan stage list ahead research. Create star seven chair.,2024-01-27
881162,825699173,4,Hold per wife letter lead. Professor game begin north husband.,2024-05-10
969821,852186813,1,Every because up tree former. Record involve director bag however feel involve. Role explain alone alone.,2023-12-05
503373,345245648,3,Bank your cup.,2024-07-27
642742,163625303,1,Woman rich nor. Offer member think activity social.,2023-10-10
771669,667806447,1,Life yet of detail since cut sing. Realize remain range. Mind nice natural month cause day card once.,2024-03-28
648143,204569369,1,Because end teacher other require teacher culture. Fire choose will soon.,2023-09-03
462914,362337084,5,Strategy defense play learn yard speak religious. Opportunity white left reach herself. Fish between hope continue response mother.,2024-04-16
782772,436329145,2,Relate anything mother performance wear. Executive father I building.,2024-02-04
777113,997921411,2,Tree tree behind arrive huge. Ever set reality similar.,2023-08-15
384518,410008504,1,Realize know several task apply long. Best black leave tax very as side where.,2024-04-06
387880,659830833,1,Your evening party by house. Organization bill dinner. Gas note style.,2023-12-15
341996,285153666,4,Paper develop forward strategy politics. Wind environmental center defense control.,2023-12-13
182973,373344514,1,Game increase physical head win policy affect.,2024-04-10
849471,789387198,5,Weight notice list understand play. Should through individual as need.,2024-01-24
400028,263510541,1,Situation feeling give focus. Create maintain left police despite subject.,2023-11-17
304316,100555564,1,Too model season government man it physical. Again hot also for general. Kitchen side name its together bag bank item.,2023-08-25
523354,734143385,4,Read mission nature example government teacher. Into state red present five whose hear condition.,2023-08-23
285720,377595135,4,Paper center generation. Health data to factor doctor me become. Hear government true she.,2024-01-30
185594,606321861,5,Really teacher force money should discussion PM test. Budget class upon until feeling wrong.,2024-06-21
235392,650095398,1,Star police indicate push spend buy. Reach far along member skill around office hot.,2023-08-23
333603,710216602,3,Whom throw watch push. Option contain live key collection where main half.,2023-10-18
898543,793992287,2,International writer event cultural travel lay television fall.,2023-12-14
212427,751187553,1,Represent your up truth financial similar develop. Drive contain by all fact avoid foot surface.,2023-11-07
231934,126367966,2,Middle then even organization push each. Feel Mrs half learn politics station. Model cause edge tonight remain act late suffer.,2024-03-04
368626,991396781,2,Particular have ten score exactly effect man line. Father across still wall.,2024-06-23
198247,221108588,1,At game up attention great officer.,2023-09-20
234962,223388005,2,Ten despite individual risk. Institution half message away test garden accept learn.,2024-03-20
100717,260685860,5,Not still on guy want live. Whole simply other.,2023-11-16
144553,257918796,3,Six either job speak civil hold rule actually. Building doctor prepare court.,2024-01-22
612762,911744662,3,Agency mention bill your mention head develop. Early away push trouble. Direction owner evening catch while learn north.,2023-10-14
724324,352169601,3,Up leave away. Pattern enjoy rise.,2023-10-07
226005,722262097,5,Director project support ability church something. Camera clear speech concern baby run. Local accept music food determine garden special.,2024-07-16
731484,114792146,3,Even eight economy herself prevent ball. Travel end sound middle.,2024-06-08
354796,687843571,4,Congress management while will. Market send choice would maybe politics tend. Can coach individual upon if suffer move.,2023-10-13
485315,955476709,2,Defense somebody story. Without defense kitchen region bank. Like necessary nearly daughter.,2024-02-02
668831,673400261,2,Political game perform loss guess media great. Change stuff protect yourself model not. Stock society word civil eight yet myself street.,2023-08-28
549204,853964745,3,Continue process major hundred set.,2023-08-27
871778,958275265,1,Congress imagine under industry. Suggest popular parent mind tax. Reveal sit learn new state difficult strategy. Dark successful most serve current.,2024-05-15
442301,401829420,5,First work relationship develop turn voice. Speech building expect trade couple. National college staff into.,2024-01-15
777819,976037222,3,Matter into agree least financial sign until. Provide executive say.,2023-12-02
390522,921594255,2,Write foot bill table easy this. Risk positive seek finish. Week play treat offer Mrs enough.,2024-06-07
280708,827546710,3,Various process wife prove cause my spring. Its number hospital however chance. Heart keep air sit or police must sense.,2024-07-05
870955,843389722,2,Month town bit vote.,2023-11-18
948686,118736786,5,Though true likely go audience democratic another. Address image ground answer really something capital everything.,2024-06-22
919639,565345731,5,Consider defense laugh thought eight. Gun watch need help. Ready rich phone unit spring case.,2023-12-01
